cname,year,bti_ci,bti_seb,bti_si,bti_sop,bti_rol,bti_pp,bti_pdi,bti_ij,bti_foe,bti_ffe,bti_eo,bti_csp,bti_cr,bti_aar,ccodealp
Afghanistan,2005,9.0,1.0,6.0,3.0,2.25,4.25,3.0,1.0,4.0,4.0,1.0,4.0,2.0,6.0,AFG
Afghanistan,2007,9.0,1.0,6.0,5.0,3.75,4.75,3.0,4.0,4.0,6.0,2.0,4.0,3.0,6.0,AFG
Afghanistan,2009,10.0,1.0,6.0,3.0,2.25,4.0,3.0,2.0,4.0,6.0,2.0,3.0,2.0,4.0,AFG
Afghanistan,2011,10.0,1.0,6.0,3.0,2.25,3.25,3.0,2.0,4.0,3.0,2.0,3.0,2.0,4.0,AFG
Afghanistan,2013,9.0,1.0,6.0,4.0,2.75,3.25,3.0,3.0,4.0,3.0,2.0,3.0,2.0,4.0,AFG
Afghanistan,2015,9.0,1.0,6.0,3.0,2.5,3.5,3.0,3.0,4.0,3.0,2.0,4.0,2.0,4.0,AFG
Afghanistan,2017,9.0,1.0,6.0,3.0,2.5,3.5,3.0,3.0,4.0,3.0,3.0,4.0,2.0,4.0,AFG
Afghanistan,2019,9.0,1.0,7.0,4.0,3.0,3.75,3.0,3.0,4.0,4.0,3.0,4.0,2.0,5.0,AFG
Albania,2005,2.0,5.0,9.0,5.0,5.5,8.0,6.0,5.0,9.0,6.0,6.0,6.0,8.0,9.0,ALB
Albania,2007,2.0,6.0,9.0,7.0,6.25,8.25,7.0,5.0,8.0,8.0,6.0,7.0,8.0,9.0,ALB
Albania,2009,2.0,6.0,9.0,7.0,6.25,8.25,7.0,5.0,8.0,8.0,6.0,7.0,8.0,9.0,ALB
Albania,2011,2.0,6.0,9.0,6.0,6.0,7.5,6.0,5.0,7.0,7.0,6.0,6.0,8.0,9.0,ALB
Albania,2013,3.0,5.0,8.0,4.0,5.0,7.0,5.0,4.0,7.0,6.0,6.0,6.0,8.0,8.0,ALB
Albania,2015,3.0,5.0,9.0,4.0,5.0,7.25,6.0,4.0,7.0,7.0,6.0,6.0,8.0,8.0,ALB
Albania,2017,3.0,6.0,9.0,4.0,5.25,7.5,6.0,5.0,7.0,7.0,6.0,7.0,8.0,9.0,ALB
Albania,2019,3.0,6.0,9.0,5.0,5.5,7.75,6.0,5.0,7.0,7.0,7.0,7.0,8.0,10.0,ALB
Algeria,2005,7.0,4.0,8.0,4.0,4.25,4.25,2.0,4.0,5.0,5.0,2.0,4.0,5.0,5.0,DZA
Algeria,2007,7.0,5.0,8.0,4.0,4.25,4.0,2.0,4.0,5.0,4.0,4.0,4.0,5.0,5.0,DZA
Algeria,2009,7.0,5.0,8.0,4.0,4.25,4.25,2.0,4.0,6.0,4.0,5.0,4.0,5.0,5.0,DZA
Algeria,2011,7.0,5.0,8.0,4.0,4.25,4.25,2.0,4.0,6.0,4.0,5.0,4.0,5.0,5.0,DZA
Algeria,2013,7.0,5.0,8.0,4.0,4.25,5.0,3.0,4.0,6.0,6.0,5.0,5.0,5.0,6.0,DZA
Algeria,2015,7.0,5.0,8.0,4.0,4.25,4.5,3.0,4.0,6.0,5.0,5.0,5.0,5.0,5.0,DZA
Algeria,2017,6.0,5.0,8.0,4.0,4.25,4.5,3.0,4.0,6.0,5.0,5.0,5.0,5.0,5.0,DZA
Algeria,2019,6.0,5.0,8.0,4.0,4.25,4.25,3.0,4.0,5.0,5.0,5.0,5.0,5.0,5.0,DZA
Angola,2005,7.0,1.0,9.0,2.0,2.75,2.75,2.0,4.0,3.0,1.0,2.0,4.0,4.0,6.0,AGO
Angola,2007,3.0,2.0,9.0,3.0,2.75,3.5,2.0,2.0,5.0,1.0,2.0,5.0,3.0,6.0,AGO
Angola,2009,4.0,2.0,8.0,4.0,4.0,5.0,3.0,4.0,6.0,6.0,4.0,4.0,4.0,5.0,AGO
Angola,2011,4.0,3.0,8.0,3.0,3.5,5.25,3.0,4.0,6.0,6.0,6.0,5.0,4.0,6.0,AGO
Angola,2013,4.0,2.0,8.0,3.0,3.5,4.0,3.0,3.0,5.0,4.0,4.0,3.0,5.0,4.0,AGO
Angola,2015,4.0,2.0,8.0,3.0,3.0,3.0,3.0,3.0,4.0,3.0,4.0,2.0,4.0,3.0,AGO
Angola,2017,4.0,2.0,8.0,3.0,3.0,3.0,3.0,3.0,4.0,3.0,4.0,2.0,4.0,3.0,AGO
Angola,2019,4.0,2.0,7.0,3.0,3.75,4.25,3.0,4.0,6.0,4.0,4.0,5.0,4.0,5.0,AGO
Azerbaijan,2005,4.0,5.0,6.0,4.0,4.25,3.0,2.0,4.0,3.0,3.0,5.0,3.0,5.0,5.0,AZE
Azerbaijan,2007,4.0,4.0,6.0,4.0,4.25,3.0,2.0,4.0,4.0,3.0,5.0,3.0,5.0,3.0,AZE
Azerbaijan,2009,4.0,5.0,6.0,4.0,4.0,3.25,2.0,4.0,3.0,4.0,6.0,3.0,4.0,4.0,AZE
Azerbaijan,2011,4.0,5.0,7.0,4.0,4.0,3.25,2.0,4.0,4.0,3.0,6.0,3.0,4.0,4.0,AZE
Azerbaijan,2013,4.0,5.0,7.0,3.0,3.75,3.0,2.0,4.0,3.0,3.0,6.0,3.0,4.0,4.0,AZE
Azerbaijan,2015,4.0,5.0,8.0,2.0,3.0,2.75,2.0,3.0,3.0,3.0,6.0,2.0,3.0,3.0,AZE
Azerbaijan,2017,4.0,4.0,8.0,2.0,3.0,2.25,2.0,3.0,2.0,2.0,6.0,2.0,3.0,3.0,AZE
Azerbaijan,2019,4.0,5.0,8.0,2.0,3.0,2.25,2.0,3.0,2.0,2.0,6.0,2.0,3.0,3.0,AZE
Argentina,2005,4.0,7.0,10.0,6.0,6.0,9.5,7.0,6.0,8.0,10.0,6.0,6.0,7.0,10.0,ARG
Argentina,2007,3.0,7.0,10.0,5.0,5.75,9.5,7.0,6.0,8.0,10.0,7.0,6.0,7.0,10.0,ARG
Argentina,2009,3.0,7.0,10.0,5.0,5.75,9.5,7.0,6.0,8.0,10.0,7.0,6.0,7.0,10.0,ARG
Argentina,2011,4.0,7.0,10.0,5.0,5.75,8.75,6.0,6.0,8.0,9.0,7.0,6.0,7.0,10.0,ARG
Argentina,2013,4.0,7.0,10.0,5.0,5.75,8.75,6.0,6.0,8.0,9.0,7.0,6.0,7.0,10.0,ARG
Argentina,2015,4.0,7.0,10.0,5.0,5.75,8.75,6.0,6.0,8.0,9.0,7.0,6.0,7.0,10.0,ARG
Argentina,2017,4.0,7.0,10.0,7.0,7.0,9.0,7.0,7.0,9.0,9.0,7.0,6.0,7.0,10.0,ARG
Argentina,2019,4.0,7.0,10.0,8.0,7.5,9.0,8.0,7.0,9.0,9.0,7.0,6.0,7.0,10.0,ARG
Bahrain,2005,5.0,8.0,8.0,4.0,5.0,4.0,2.0,5.0,4.0,4.0,6.0,5.0,7.0,6.0,BHR
Bahrain,2007,5.0,7.0,7.0,4.0,5.0,3.25,2.0,5.0,4.0,3.0,5.0,5.0,7.0,4.0,BHR
Bahrain,2009,5.0,6.0,7.0,4.0,4.5,2.5,2.0,4.0,3.0,3.0,6.0,5.0,6.0,3.0,BHR
Bahrain,2011,6.0,6.0,7.0,4.0,4.5,2.5,2.0,4.0,3.0,3.0,5.0,4.0,6.0,3.0,BHR
Bahrain,2013,8.0,6.0,6.0,4.0,4.0,2.5,1.0,4.0,3.0,3.0,4.0,4.0,4.0,3.0,BHR
Bahrain,2015,7.0,5.0,6.0,3.0,3.5,1.75,2.0,3.0,2.0,2.0,3.0,3.0,4.0,2.0,BHR
Bahrain,2017,8.0,5.0,5.0,2.0,2.75,1.5,2.0,2.0,2.0,2.0,2.0,2.0,3.0,1.0,BHR
Bahrain,2019,7.0,5.0,5.0,2.0,2.75,1.5,2.0,2.0,2.0,2.0,2.0,2.0,3.0,1.0,BHR
Bangladesh,2005,6.0,4.0,8.0,8.0,6.25,7.0,7.0,6.0,7.0,7.0,4.0,7.0,7.0,7.0,BGD
Bangladesh,2007,6.0,4.0,8.0,5.0,4.5,7.0,5.0,5.0,7.0,7.0,3.0,5.0,5.0,7.0,BGD
Bangladesh,2009,6.0,4.0,9.0,5.0,5.0,6.75,5.0,5.0,7.0,8.0,4.0,6.0,5.0,7.0,BGD
Bangladesh,2011,6.0,4.0,9.0,6.0,5.0,7.5,5.0,5.0,7.0,8.0,4.0,6.0,5.0,8.0,BGD
Bangladesh,2013,7.0,4.0,9.0,5.0,4.25,6.75,5.0,5.0,6.0,8.0,4.0,6.0,4.0,7.0,BGD
Bangladesh,2015,8.0,4.0,9.0,5.0,4.25,5.25,4.0,5.0,4.0,6.0,4.0,5.0,4.0,5.0,BGD
Bangladesh,2017,7.0,4.0,9.0,4.0,3.75,4.25,3.0,4.0,4.0,5.0,4.0,4.0,4.0,5.0,BGD
Bangladesh,2019,7.0,4.0,9.0,3.0,3.5,3.25,3.0,4.0,3.0,4.0,4.0,5.0,4.0,4.0,BGD
Armenia,2005,3.0,4.0,9.0,3.0,4.25,5.0,3.0,4.0,5.0,6.0,5.0,5.0,6.0,6.0,ARM
Armenia,2007,3.0,4.0,9.0,4.0,4.5,5.25,6.0,4.0,4.0,6.0,5.0,4.0,6.0,6.0,ARM
Armenia,2009,3.0,4.0,9.0,4.0,4.5,4.0,2.0,4.0,4.0,5.0,5.0,2.0,6.0,5.0,ARM
Armenia,2011,3.0,4.0,9.0,4.0,4.75,4.0,3.0,4.0,4.0,5.0,5.0,3.0,6.0,5.0,ARM
Armenia,2013,3.0,4.0,9.0,4.0,4.75,4.5,3.0,4.0,5.0,5.0,5.0,5.0,6.0,6.0,ARM
Armenia,2015,3.0,4.0,9.0,4.0,4.25,4.5,3.0,4.0,5.0,5.0,6.0,4.0,5.0,5.0,ARM
Armenia,2017,3.0,4.0,9.0,4.0,4.5,4.25,3.0,4.0,5.0,4.0,6.0,4.0,5.0,5.0,ARM
Armenia,2019,3.0,5.0,10.0,6.0,6.0,8.25,6.0,5.0,9.0,9.0,6.0,7.0,7.0,9.0,ARM
Bhutan,2007,5.0,2.0,6.0,3.0,5.0,2.75,1.0,5.0,4.0,4.0,3.0,4.0,5.0,2.0,BTN
Bhutan,2009,5.0,2.0,6.0,4.0,5.5,5.0,2.0,4.0,6.0,7.0,3.0,4.0,6.0,5.0,BTN
Bhutan,2011,5.0,3.0,6.0,5.0,6.25,5.0,2.0,6.0,6.0,7.0,4.0,4.0,6.0,5.0,BTN
Bhutan,2013,4.0,4.0,6.0,7.0,7.0,7.0,7.0,7.0,7.0,8.0,5.0,4.0,6.0,6.0,BTN
Bhutan,2015,4.0,5.0,7.0,7.0,7.25,7.0,7.0,7.0,7.0,8.0,5.0,5.0,7.0,6.0,BTN
Bhutan,2017,3.0,5.0,7.0,7.0,7.25,7.0,7.0,7.0,7.0,8.0,5.0,5.0,7.0,6.0,BTN
Bhutan,2019,2.0,5.0,7.0,7.0,7.25,7.0,8.0,7.0,7.0,8.0,5.0,5.0,7.0,6.0,BTN
Bolivia,2005,6.0,3.0,9.0,7.0,6.0,8.0,7.0,6.0,8.0,9.0,5.0,7.0,6.0,8.0,BOL
Bolivia,2007,6.0,3.0,8.0,6.0,5.75,7.75,6.0,6.0,7.0,9.0,5.0,7.0,6.0,8.0,BOL
Bolivia,2009,7.0,3.0,8.0,6.0,5.5,7.75,6.0,5.0,7.0,9.0,5.0,8.0,6.0,8.0,BOL
Bolivia,2011,6.0,3.0,9.0,6.0,5.5,8.25,7.0,5.0,7.0,9.0,5.0,8.0,6.0,9.0,BOL
Bolivia,2013,6.0,4.0,9.0,7.0,6.0,8.5,7.0,6.0,8.0,9.0,5.0,8.0,6.0,9.0,BOL
Bolivia,2015,5.0,4.0,9.0,7.0,6.0,8.5,7.0,6.0,8.0,9.0,5.0,8.0,6.0,8.0,BOL
Bolivia,2017,5.0,4.0,9.0,7.0,5.75,8.25,7.0,5.0,8.0,9.0,5.0,7.0,6.0,7.0,BOL
Bolivia,2019,5.0,4.0,9.0,5.0,5.25,8.0,6.0,5.0,7.0,9.0,5.0,7.0,6.0,7.0,BOL
Bosnia and Herzegovina,2005,6.0,6.0,5.0,7.0,6.5,8.5,7.0,7.0,8.0,9.0,5.0,5.0,6.0,9.0,BIH
Bosnia and Herzegovina,2007,5.0,6.0,5.0,8.0,6.75,8.5,6.0,6.0,8.0,9.0,5.0,5.0,7.0,9.0,BIH
Bosnia and Herzegovina,2009,5.0,6.0,4.0,8.0,6.75,8.0,6.0,6.0,6.0,9.0,5.0,5.0,7.0,9.0,BIH
Bosnia and Herzegovina,2011,5.0,6.0,3.0,8.0,6.75,7.5,6.0,6.0,6.0,8.0,5.0,5.0,7.0,8.0,BIH
Bosnia and Herzegovina,2013,5.0,6.0,3.0,8.0,6.5,7.5,5.0,5.0,6.0,8.0,5.0,5.0,7.0,8.0,BIH
Bosnia and Herzegovina,2015,5.0,6.0,4.0,8.0,6.5,7.0,5.0,5.0,6.0,7.0,5.0,5.0,7.0,8.0,BIH
Bosnia and Herzegovina,2017,5.0,6.0,4.0,8.0,6.5,7.0,4.0,5.0,6.0,7.0,5.0,5.0,7.0,8.0,BIH
Bosnia and Herzegovina,2019,5.0,6.0,4.0,7.0,6.0,6.25,4.0,5.0,6.0,6.0,5.0,5.0,7.0,7.0,BIH
Botswana,2005,1.0,5.0,9.0,7.0,8.0,9.0,9.0,9.0,8.0,9.0,7.0,7.0,8.0,9.0,BWA
Botswana,2007,2.0,5.0,8.0,8.0,8.25,9.0,8.0,9.0,8.0,9.0,7.0,8.0,8.0,9.0,BWA
Botswana,2009,2.0,5.0,8.0,8.0,8.0,8.75,9.0,9.0,7.0,9.0,7.0,7.0,7.0,9.0,BWA
Botswana,2011,2.0,4.0,9.0,7.0,8.0,8.75,8.0,9.0,7.0,9.0,7.0,7.0,8.0,9.0,BWA
Botswana,2013,2.0,5.0,9.0,7.0,7.75,8.75,9.0,9.0,8.0,8.0,7.0,7.0,8.0,9.0,BWA
Botswana,2015,2.0,5.0,9.0,7.0,7.75,8.25,9.0,9.0,7.0,8.0,7.0,7.0,8.0,8.0,BWA
Botswana,2017,2.0,5.0,8.0,7.0,7.75,8.25,9.0,9.0,7.0,8.0,7.0,7.0,8.0,8.0,BWA
Botswana,2019,1.0,5.0,9.0,8.0,8.0,8.25,9.0,9.0,7.0,8.0,7.0,7.0,8.0,8.0,BWA
Brazil,2005,3.0,6.0,9.0,9.0,7.0,9.0,8.0,6.0,8.0,10.0,6.0,9.0,7.0,9.0,BRA
Brazil,2007,3.0,6.0,9.0,9.0,7.5,9.0,7.0,7.0,8.0,10.0,7.0,9.0,7.0,9.0,BRA
Brazil,2009,3.0,6.0,9.0,9.0,7.75,9.0,8.0,7.0,8.0,10.0,7.0,9.0,7.0,9.0,BRA
Brazil,2011,3.0,6.0,9.0,9.0,7.5,9.0,8.0,7.0,8.0,10.0,7.0,9.0,7.0,9.0,BRA
Brazil,2013,3.0,6.0,9.0,9.0,7.75,9.0,8.0,7.0,8.0,10.0,7.0,9.0,7.0,9.0,BRA
Brazil,2015,3.0,6.0,9.0,9.0,7.75,9.0,8.0,7.0,8.0,10.0,7.0,8.0,7.0,9.0,BRA
Brazil,2017,5.0,6.0,9.0,9.0,7.75,8.75,7.0,7.0,8.0,9.0,7.0,7.0,7.0,9.0,BRA
Brazil,2019,5.0,6.0,9.0,9.0,7.5,8.25,7.0,7.0,7.0,9.0,6.0,6.0,6.0,8.0,BRA
Bulgaria,2005,2.0,6.0,9.0,9.0,7.75,9.25,8.0,7.0,8.0,10.0,8.0,9.0,8.0,10.0,BGR
Bulgaria,2007,3.0,7.0,9.0,9.0,8.5,9.25,9.0,8.0,8.0,10.0,8.0,8.0,9.0,10.0,BGR
Bulgaria,2009,3.0,7.0,10.0,9.0,8.25,9.25,9.0,8.0,8.0,10.0,7.0,8.0,9.0,10.0,BGR
Bulgaria,2011,3.0,7.0,10.0,9.0,8.5,9.0,8.0,8.0,8.0,9.0,7.0,8.0,9.0,10.0,BGR
Bulgaria,2013,4.0,7.0,9.0,8.0,8.0,8.5,8.0,8.0,7.0,8.0,7.0,8.0,8.0,10.0,BGR
Bulgaria,2015,4.0,7.0,9.0,8.0,7.75,8.5,7.0,8.0,7.0,8.0,8.0,8.0,8.0,10.0,BGR
Bulgaria,2017,4.0,7.0,9.0,8.0,7.75,8.25,7.0,8.0,7.0,8.0,7.0,8.0,8.0,10.0,BGR
Bulgaria,2019,4.0,6.0,9.0,8.0,7.5,8.0,7.0,8.0,6.0,8.0,7.0,7.0,7.0,10.0,BGR
Myanmar,2005,8.0,1.0,3.0,1.0,1.0,1.0,1.0,1.0,1.0,1.0,1.0,2.0,1.0,1.0,MMR
Myanmar,2007,8.0,2.0,3.0,1.0,1.0,1.0,1.0,1.0,1.0,1.0,1.0,1.0,1.0,1.0,MMR
Myanmar,2009,9.0,1.0,3.0,1.0,1.0,1.0,1.0,1.0,1.0,1.0,1.0,2.0,1.0,1.0,MMR
Myanmar,2011,9.0,1.0,3.0,1.0,1.0,1.75,1.0,1.0,1.0,2.0,1.0,2.0,1.0,2.0,MMR
Myanmar,2013,8.0,2.0,3.0,4.0,2.0,4.0,2.0,2.0,5.0,4.0,1.0,4.0,1.0,4.0,MMR
Myanmar,2015,8.0,2.0,3.0,4.0,2.75,4.0,2.0,3.0,5.0,4.0,2.0,4.0,2.0,4.0,MMR
Myanmar,2017,9.0,2.0,3.0,4.0,3.0,5.0,2.0,3.0,5.0,7.0,2.0,5.0,3.0,5.0,MMR
Myanmar,2019,9.0,2.0,3.0,4.0,2.75,4.5,2.0,3.0,4.0,7.0,2.0,4.0,2.0,4.0,MMR
Burundi,2005,10.0,1.0,6.0,3.0,3.5,3.5,2.0,4.0,5.0,1.0,2.0,3.0,3.0,7.0,BDI
Burundi,2007,5.0,3.0,8.0,5.0,5.0,7.0,5.0,5.0,6.0,8.0,3.0,4.0,6.0,7.0,BDI
Burundi,2009,7.0,3.0,8.0,5.0,4.25,6.0,5.0,4.0,5.0,8.0,3.0,4.0,4.0,5.0,BDI
Burundi,2011,7.0,2.0,8.0,5.0,4.25,5.5,4.0,4.0,4.0,6.0,5.0,3.0,4.0,6.0,BDI
Burundi,2013,7.0,2.0,8.0,5.0,4.0,4.75,3.0,4.0,4.0,7.0,5.0,2.0,3.0,5.0,BDI
Burundi,2015,7.0,2.0,9.0,4.0,3.5,4.5,3.0,4.0,4.0,6.0,5.0,3.0,3.0,5.0,BDI
Burundi,2017,8.0,2.0,8.0,3.0,3.0,3.0,2.0,3.0,3.0,3.0,5.0,2.0,3.0,3.0,BDI
Burundi,2019,7.0,1.0,8.0,3.0,2.5,2.75,2.0,3.0,3.0,3.0,3.0,2.0,2.0,2.0,BDI
Belarus,2005,2.0,7.0,8.0,2.0,3.25,3.0,2.0,4.0,4.0,3.0,7.0,2.0,3.0,4.0,BLR
Belarus,2007,3.0,7.0,9.0,2.0,3.0,2.5,2.0,4.0,3.0,2.0,5.0,2.0,2.0,3.0,BLR
Belarus,2009,3.0,7.0,9.0,2.0,3.0,2.75,2.0,4.0,3.0,2.0,5.0,3.0,2.0,4.0,BLR
Belarus,2011,3.0,6.0,8.0,2.0,3.0,2.5,2.0,4.0,3.0,2.0,5.0,2.0,2.0,3.0,BLR
Belarus,2013,3.0,7.0,8.0,2.0,3.0,2.5,2.0,4.0,3.0,2.0,5.0,2.0,2.0,3.0,BLR
Belarus,2015,3.0,7.0,8.0,2.0,3.0,2.5,2.0,3.0,3.0,2.0,6.0,2.0,3.0,3.0,BLR
Belarus,2017,3.0,7.0,8.0,3.0,4.0,3.0,3.0,4.0,3.0,3.0,6.0,3.0,4.0,3.0,BLR
Belarus,2019,3.0,7.0,8.0,3.0,4.0,3.0,3.0,4.0,3.0,3.0,6.0,4.0,4.0,3.0,BLR
Cambodia,2005,5.0,4.0,8.0,2.0,3.0,4.5,2.0,3.0,5.0,5.0,3.0,3.0,4.0,5.0,KHM
Cambodia,2007,4.0,4.0,8.0,3.0,3.0,4.25,2.0,3.0,5.0,5.0,3.0,4.0,4.0,5.0,KHM
Cambodia,2009,4.0,4.0,8.0,3.0,3.0,4.0,2.0,3.0,5.0,5.0,3.0,4.0,4.0,4.0,KHM
Cambodia,2011,4.0,4.0,8.0,2.0,2.75,3.25,2.0,3.0,4.0,4.0,3.0,4.0,4.0,3.0,KHM
Cambodia,2013,5.0,4.0,8.0,2.0,2.5,3.25,2.0,3.0,4.0,4.0,3.0,3.0,3.0,3.0,KHM
Cambodia,2015,5.0,4.0,8.0,2.0,2.25,3.0,2.0,2.0,4.0,3.0,3.0,3.0,3.0,3.0,KHM
Cambodia,2017,5.0,4.0,8.0,2.0,2.0,2.75,2.0,2.0,3.0,3.0,3.0,3.0,2.0,3.0,KHM
Cambodia,2019,5.0,4.0,8.0,2.0,2.0,1.75,2.0,2.0,2.0,2.0,3.0,2.0,2.0,2.0,KHM
Cameroon,2005,6.0,3.0,6.0,4.0,3.75,3.5,2.0,4.0,3.0,3.0,4.0,3.0,4.0,5.0,CMR
Cameroon,2007,6.0,3.0,5.0,4.0,4.0,3.5,2.0,4.0,4.0,3.0,4.0,3.0,4.0,5.0,CMR
Cameroon,2009,6.0,3.0,5.0,4.0,3.75,3.5,2.0,4.0,4.0,3.0,5.0,3.0,3.0,5.0,CMR
Cameroon,2011,6.0,3.0,5.0,4.0,3.75,3.5,2.0,4.0,4.0,3.0,5.0,3.0,3.0,5.0,CMR
Cameroon,2013,6.0,3.0,5.0,4.0,4.0,3.5,2.0,4.0,4.0,3.0,5.0,3.0,4.0,5.0,CMR
Cameroon,2015,7.0,3.0,6.0,3.0,3.75,3.25,2.0,4.0,3.0,3.0,5.0,4.0,4.0,5.0,CMR
Cameroon,2017,7.0,3.0,6.0,3.0,3.75,3.25,2.0,4.0,3.0,3.0,5.0,4.0,4.0,5.0,CMR
Cameroon,2019,8.0,3.0,5.0,3.0,3.25,2.75,2.0,3.0,2.0,3.0,5.0,4.0,3.0,4.0,CMR
Central African Republic,2005,9.0,1.0,4.0,4.0,3.0,3.25,2.0,2.0,5.0,1.0,4.0,5.0,3.0,6.0,CAF
Central African Republic,2007,8.0,1.0,4.0,6.0,3.75,5.25,3.0,2.0,6.0,6.0,3.0,5.0,4.0,6.0,CAF
Central African Republic,2009,8.0,1.0,4.0,5.0,3.5,5.0,2.0,3.0,5.0,6.0,3.0,4.0,3.0,6.0,CAF
Central African Republic,2011,8.0,1.0,6.0,5.0,3.5,4.5,2.0,3.0,5.0,4.0,3.0,5.0,3.0,7.0,CAF
Central African Republic,2013,9.0,1.0,4.0,4.0,3.25,4.0,2.0,3.0,6.0,3.0,3.0,4.0,3.0,5.0,CAF
Central African Republic,2015,8.0,1.0,3.0,5.0,3.5,3.75,2.0,3.0,7.0,1.0,3.0,6.0,3.0,6.0,CAF
Central African Republic,2017,8.0,1.0,3.0,5.0,3.75,5.25,2.0,4.0,6.0,6.0,3.0,5.0,3.0,6.0,CAF
Central African Republic,2019,9.0,1.0,3.0,4.0,3.25,5.5,2.0,3.0,6.0,6.0,3.0,5.0,3.0,6.0,CAF
Sri Lanka,2005,7.0,6.0,5.0,7.0,6.0,6.75,6.0,6.0,7.0,7.0,6.0,6.0,5.0,7.0,LKA
Sri Lanka,2007,7.0,6.0,6.0,7.0,6.25,6.75,7.0,8.0,7.0,7.0,6.0,6.0,5.0,7.0,LKA
Sri Lanka,2009,8.0,5.0,5.0,6.0,5.0,6.25,6.0,6.0,5.0,6.0,6.0,5.0,4.0,6.0,LKA
Sri Lanka,2011,6.0,6.0,6.0,4.0,3.75,4.75,3.0,4.0,5.0,6.0,6.0,4.0,3.0,5.0,LKA
Sri Lanka,2013,6.0,6.0,6.0,3.0,3.0,4.25,3.0,3.0,4.0,5.0,5.0,3.0,3.0,5.0,LKA
Sri Lanka,2015,7.0,6.0,6.0,3.0,3.25,4.5,3.0,3.0,4.0,6.0,5.0,3.0,4.0,5.0,LKA
Sri Lanka,2017,5.0,6.0,6.0,7.0,6.0,7.25,6.0,7.0,7.0,8.0,6.0,7.0,5.0,7.0,LKA
Sri Lanka,2019,5.0,6.0,6.0,6.0,6.5,7.25,6.0,8.0,7.0,8.0,6.0,7.0,6.0,7.0,LKA
Chad,2005,7.0,1.0,6.0,2.0,2.75,3.75,2.0,3.0,4.0,3.0,2.0,3.0,3.0,6.0,TCD
Chad,2007,8.0,1.0,8.0,1.0,1.75,2.5,2.0,2.0,2.0,3.0,2.0,3.0,2.0,4.0,TCD
Chad,2009,8.0,1.0,8.0,1.0,1.75,2.25,2.0,2.0,2.0,3.0,2.0,3.0,2.0,3.0,TCD
Chad,2011,6.0,1.0,8.0,2.0,2.25,2.75,2.0,2.0,3.0,3.0,2.0,3.0,2.0,4.0,TCD
Chad,2013,6.0,1.0,8.0,2.0,2.25,3.0,3.0,2.0,2.0,4.0,2.0,3.0,2.0,4.0,TCD
Chad,2015,6.0,1.0,8.0,2.0,2.25,3.25,3.0,2.0,3.0,4.0,2.0,3.0,2.0,4.0,TCD
Chad,2017,6.0,1.0,8.0,2.0,2.25,3.0,3.0,2.0,3.0,3.0,2.0,3.0,2.0,4.0,TCD
Chad,2019,6.0,1.0,8.0,1.0,1.75,2.75,2.0,1.0,3.0,3.0,2.0,2.0,2.0,3.0,TCD
Chile,2005,3.0,8.0,10.0,10.0,9.25,9.0,9.0,9.0,10.0,8.0,6.0,8.0,9.0,10.0,CHL
Chile,2007,2.0,8.0,10.0,10.0,9.25,9.5,10.0,9.0,10.0,9.0,7.0,8.0,9.0,10.0,CHL
Chile,2009,2.0,8.0,10.0,10.0,9.25,9.75,10.0,9.0,10.0,10.0,7.0,8.0,9.0,10.0,CHL
Chile,2011,2.0,7.0,10.0,10.0,9.25,9.5,10.0,9.0,10.0,10.0,7.0,7.0,9.0,9.0,CHL
Chile,2013,3.0,7.0,10.0,10.0,9.25,9.0,10.0,9.0,9.0,9.0,7.0,7.0,9.0,9.0,CHL
Chile,2015,3.0,7.0,10.0,10.0,9.25,9.25,10.0,9.0,9.0,9.0,7.0,7.0,9.0,10.0,CHL
Chile,2017,3.0,7.0,10.0,10.0,9.5,9.5,10.0,9.0,10.0,9.0,7.0,8.0,9.0,10.0,CHL
Chile,2019,3.0,7.0,10.0,10.0,9.5,10.0,10.0,9.0,10.0,10.0,7.0,8.0,9.0,10.0,CHL
China,2005,4.0,5.0,7.0,1.0,2.25,1.5,1.0,2.0,2.0,1.0,5.0,2.0,3.0,2.0,CHN
China,2007,5.0,5.0,8.0,1.0,2.0,2.0,1.0,2.0,2.0,2.0,4.0,3.0,2.0,2.0,CHN
China,2009,5.0,5.0,8.0,2.0,2.25,2.0,1.0,2.0,2.0,2.0,5.0,3.0,2.0,2.0,CHN
China,2011,5.0,5.0,8.0,2.0,2.25,1.75,1.0,2.0,2.0,1.0,5.0,3.0,2.0,2.0,CHN
China,2013,5.0,5.0,8.0,1.0,2.0,1.75,1.0,2.0,2.0,1.0,5.0,3.0,2.0,2.0,CHN
China,2015,5.0,5.0,8.0,1.0,2.25,1.75,1.0,2.0,2.0,1.0,6.0,3.0,2.0,2.0,CHN
China,2017,5.0,5.0,8.0,1.0,2.25,1.75,1.0,2.0,2.0,1.0,6.0,3.0,2.0,2.0,CHN
China,2019,5.0,5.0,8.0,1.0,2.5,1.75,1.0,2.0,2.0,1.0,6.0,3.0,2.0,2.0,CHN
Taiwan,2005,4.0,10.0,10.0,10.0,9.75,10.0,8.0,9.0,10.0,10.0,8.0,9.0,10.0,10.0,TWN
Taiwan,2007,4.0,10.0,10.0,10.0,9.75,10.0,8.0,10.0,10.0,10.0,9.0,9.0,10.0,10.0,TWN
Taiwan,2009,3.0,10.0,10.0,10.0,9.75,10.0,8.0,10.0,10.0,10.0,9.0,8.0,10.0,10.0,TWN
Taiwan,2011,2.0,10.0,10.0,10.0,10.0,10.0,9.0,10.0,10.0,10.0,9.0,9.0,10.0,10.0,TWN
Taiwan,2013,2.0,10.0,10.0,10.0,10.0,9.75,9.0,10.0,9.0,10.0,9.0,9.0,10.0,10.0,TWN
Taiwan,2015,3.0,9.0,10.0,10.0,10.0,9.75,9.0,10.0,9.0,10.0,9.0,9.0,10.0,10.0,TWN
Taiwan,2017,2.0,9.0,10.0,10.0,10.0,9.75,9.0,10.0,9.0,10.0,9.0,9.0,10.0,10.0,TWN
Taiwan,2019,2.0,10.0,10.0,10.0,10.0,9.75,9.0,10.0,9.0,10.0,9.0,9.0,10.0,10.0,TWN
Colombia,2005,9.0,6.0,8.0,6.0,5.25,6.25,6.0,6.0,5.0,7.0,6.0,4.0,4.0,6.0,COL
Colombia,2007,7.0,6.0,7.0,6.0,5.25,6.0,6.0,5.0,6.0,6.0,6.0,4.0,5.0,6.0,COL
Colombia,2009,8.0,5.0,7.0,5.0,5.25,6.25,6.0,6.0,6.0,6.0,6.0,4.0,5.0,7.0,COL
Colombia,2011,7.0,5.0,7.0,6.0,5.5,6.25,6.0,6.0,6.0,6.0,6.0,4.0,5.0,7.0,COL
Colombia,2013,7.0,5.0,8.0,7.0,6.5,6.25,7.0,7.0,6.0,6.0,6.0,5.0,6.0,7.0,COL
Colombia,2015,7.0,5.0,8.0,7.0,6.5,6.75,7.0,7.0,7.0,7.0,6.0,5.0,6.0,7.0,COL
Colombia,2017,6.0,5.0,8.0,7.0,6.5,7.0,7.0,7.0,7.0,7.0,6.0,6.0,6.0,7.0,COL
Colombia,2019,6.0,5.0,8.0,7.0,6.25,7.0,7.0,6.0,7.0,7.0,6.0,5.0,6.0,7.0,COL
Congo,2007,8.0,3.0,6.0,3.0,3.0,3.5,2.0,3.0,5.0,3.0,3.0,3.0,3.0,4.0,COG
Congo,2009,7.0,3.0,5.0,3.0,3.0,3.25,2.0,3.0,4.0,3.0,3.0,3.0,3.0,4.0,COG
Congo,2011,7.0,3.0,6.0,3.0,3.0,3.25,2.0,3.0,4.0,3.0,2.0,3.0,3.0,4.0,COG
Congo,2013,6.0,3.0,6.0,3.0,3.0,3.25,2.0,3.0,4.0,3.0,2.0,3.0,3.0,4.0,COG
Congo,2015,7.0,3.0,6.0,3.0,3.0,2.75,2.0,3.0,3.0,3.0,2.0,3.0,3.0,3.0,COG
Congo,2017,8.0,3.0,6.0,2.0,2.5,2.5,2.0,3.0,3.0,2.0,2.0,2.0,2.0,3.0,COG
Congo,2019,8.0,3.0,6.0,2.0,2.5,2.5,2.0,3.0,3.0,2.0,2.0,2.0,2.0,3.0,COG
"Congo, Democratic Republic",2005,10.0,1.0,5.0,2.0,2.0,2.25,1.0,1.0,3.0,1.0,1.0,3.0,2.0,4.0,COD
"Congo, Democratic Republic",2007,8.0,1.0,6.0,3.0,2.25,5.0,3.0,2.0,5.0,6.0,1.0,4.0,2.0,6.0,COD
"Congo, Democratic Republic",2009,8.0,1.0,6.0,3.0,2.75,4.25,2.0,2.0,4.0,6.0,1.0,4.0,3.0,4.0,COD
"Congo, Democratic Republic",2011,8.0,1.0,7.0,3.0,2.75,4.25,2.0,2.0,4.0,6.0,1.0,4.0,3.0,4.0,COD
"Congo, Democratic Republic",2013,9.0,1.0,7.0,3.0,2.75,2.75,2.0,2.0,3.0,3.0,1.0,3.0,3.0,3.0,COD
"Congo, Democratic Republic",2015,8.0,1.0,9.0,3.0,2.75,2.75,2.0,2.0,3.0,3.0,1.0,3.0,3.0,3.0,COD
"Congo, Democratic Republic",2017,8.0,1.0,9.0,3.0,2.75,2.75,2.0,2.0,4.0,2.0,1.0,3.0,3.0,3.0,COD
"Congo, Democratic Republic",2019,8.0,1.0,9.0,3.0,2.75,3.0,2.0,2.0,3.0,4.0,1.0,3.0,3.0,3.0,COD
Costa Rica,2005,1.0,8.0,10.0,10.0,9.25,10.0,9.0,9.0,10.0,10.0,8.0,8.0,10.0,10.0,CRI
Costa Rica,2007,1.0,8.0,10.0,10.0,9.5,10.0,9.0,10.0,10.0,10.0,7.0,8.0,10.0,10.0,CRI
Costa Rica,2009,1.0,8.0,10.0,10.0,9.5,9.75,8.0,10.0,10.0,10.0,8.0,8.0,10.0,9.0,CRI
Costa Rica,2011,1.0,7.0,10.0,10.0,9.5,9.75,8.0,10.0,10.0,10.0,8.0,8.0,10.0,9.0,CRI
Costa Rica,2013,1.0,7.0,10.0,10.0,9.25,9.75,8.0,9.0,10.0,10.0,8.0,8.0,10.0,9.0,CRI
Costa Rica,2015,1.0,6.0,10.0,10.0,9.0,10.0,8.0,9.0,10.0,10.0,7.0,8.0,9.0,10.0,CRI
Costa Rica,2017,1.0,6.0,10.0,10.0,9.5,10.0,7.0,10.0,10.0,10.0,8.0,8.0,9.0,10.0,CRI
Costa Rica,2019,1.0,6.0,10.0,10.0,9.5,10.0,8.0,10.0,10.0,10.0,8.0,8.0,9.0,10.0,CRI
Croatia,2005,2.0,8.0,9.0,9.0,8.25,10.0,9.0,7.0,10.0,10.0,8.0,7.0,9.0,10.0,HRV
Croatia,2007,3.0,8.0,9.0,9.0,8.0,9.5,9.0,7.0,8.0,10.0,9.0,7.0,9.0,10.0,HRV
Croatia,2009,3.0,8.0,9.0,9.0,7.75,9.0,8.0,7.0,7.0,10.0,8.0,7.0,8.0,10.0,HRV
Croatia,2011,3.0,8.0,9.0,9.0,7.75,8.75,8.0,8.0,7.0,9.0,8.0,7.0,8.0,10.0,HRV
Croatia,2013,2.0,8.0,9.0,9.0,8.25,8.75,8.0,8.0,7.0,9.0,8.0,7.0,8.0,10.0,HRV
Croatia,2015,2.0,8.0,9.0,9.0,8.0,8.75,8.0,8.0,7.0,9.0,8.0,7.0,8.0,10.0,HRV
Croatia,2017,2.0,7.0,9.0,9.0,8.0,8.75,8.0,8.0,7.0,9.0,8.0,7.0,8.0,10.0,HRV
Croatia,2019,2.0,7.0,9.0,8.0,7.25,8.5,8.0,7.0,6.0,9.0,8.0,7.0,8.0,10.0,HRV
Cuba,2005,3.0,6.0,9.0,1.0,2.25,1.5,1.0,1.0,2.0,1.0,8.0,2.0,2.0,2.0,CUB
Cuba,2007,3.0,7.0,9.0,1.0,2.5,1.5,1.0,1.0,2.0,1.0,8.0,2.0,3.0,2.0,CUB
Cuba,2009,3.0,7.0,9.0,1.0,2.75,1.5,1.0,2.0,2.0,1.0,8.0,3.0,3.0,2.0,CUB
Cuba,2011,3.0,6.0,9.0,1.0,2.75,1.5,1.0,2.0,2.0,1.0,8.0,3.0,3.0,2.0,CUB
Cuba,2013,2.0,6.0,10.0,1.0,3.0,2.0,1.0,2.0,3.0,1.0,7.0,3.0,4.0,3.0,CUB
Cuba,2015,2.0,6.0,9.0,2.0,3.25,2.0,1.0,2.0,3.0,1.0,6.0,3.0,4.0,3.0,CUB
Cuba,2017,2.0,6.0,9.0,2.0,3.25,1.75,1.0,2.0,3.0,1.0,6.0,3.0,4.0,2.0,CUB
Cuba,2019,2.0,5.0,9.0,2.0,3.25,1.75,1.0,2.0,3.0,1.0,6.0,3.0,4.0,2.0,CUB
Czech Republic,2005,1.0,9.0,10.0,10.0,9.0,10.0,9.0,9.0,10.0,10.0,9.0,9.0,9.0,10.0,CZE
Czech Republic,2007,1.0,10.0,10.0,10.0,9.25,10.0,9.0,9.0,10.0,10.0,9.0,8.0,10.0,10.0,CZE
Czech Republic,2009,1.0,10.0,10.0,10.0,9.5,10.0,10.0,10.0,10.0,10.0,9.0,9.0,10.0,10.0,CZE
Czech Republic,2011,1.0,10.0,10.0,10.0,9.25,10.0,10.0,9.0,10.0,10.0,9.0,8.0,10.0,10.0,CZE
Czech Republic,2013,1.0,10.0,10.0,10.0,9.25,10.0,10.0,9.0,10.0,10.0,9.0,8.0,10.0,10.0,CZE
Czech Republic,2015,1.0,10.0,10.0,10.0,9.25,9.75,9.0,9.0,9.0,10.0,9.0,9.0,10.0,10.0,CZE
Czech Republic,2017,1.0,10.0,10.0,10.0,9.25,10.0,9.0,9.0,10.0,10.0,9.0,10.0,10.0,10.0,CZE
Czech Republic,2019,1.0,10.0,10.0,10.0,9.0,10.0,9.0,9.0,10.0,10.0,9.0,9.0,10.0,10.0,CZE
Benin,2005,3.0,2.0,9.0,8.0,7.0,9.0,7.0,7.0,9.0,9.0,4.0,5.0,7.0,10.0,BEN
Benin,2007,3.0,2.0,9.0,8.0,7.25,8.75,7.0,7.0,8.0,9.0,4.0,5.0,8.0,10.0,BEN
Benin,2009,3.0,2.0,9.0,7.0,6.75,8.75,7.0,7.0,7.0,9.0,4.0,6.0,8.0,10.0,BEN
Benin,2011,3.0,3.0,9.0,7.0,6.25,9.0,7.0,6.0,8.0,9.0,5.0,6.0,8.0,10.0,BEN
Benin,2013,2.0,3.0,9.0,7.0,6.5,8.25,7.0,7.0,7.0,8.0,5.0,6.0,8.0,9.0,BEN
Benin,2015,2.0,2.0,9.0,7.0,6.25,8.25,7.0,6.0,7.0,8.0,4.0,4.0,8.0,9.0,BEN
Benin,2017,2.0,2.0,9.0,8.0,6.5,8.75,8.0,6.0,8.0,9.0,4.0,6.0,8.0,9.0,BEN
Benin,2019,2.0,2.0,9.0,7.0,6.5,8.25,8.0,6.0,7.0,9.0,4.0,6.0,8.0,8.0,BEN
Dominican Republic,2005,3.0,5.0,8.0,8.0,6.25,8.5,7.0,6.0,7.0,9.0,5.0,5.0,6.0,9.0,DOM
Dominican Republic,2007,3.0,5.0,8.0,8.0,6.5,8.75,7.0,6.0,8.0,9.0,5.0,5.0,7.0,9.0,DOM
Dominican Republic,2009,3.0,5.0,8.0,7.0,6.25,8.5,7.0,6.0,8.0,8.0,5.0,5.0,7.0,9.0,DOM
Dominican Republic,2011,3.0,5.0,7.0,7.0,6.25,8.5,7.0,6.0,8.0,8.0,4.0,5.0,7.0,9.0,DOM
Dominican Republic,2013,3.0,5.0,7.0,6.0,5.75,8.25,7.0,6.0,8.0,7.0,4.0,4.0,7.0,9.0,DOM
Dominican Republic,2015,3.0,5.0,7.0,6.0,5.75,8.0,7.0,6.0,8.0,7.0,4.0,5.0,6.0,9.0,DOM
Dominican Republic,2017,3.0,5.0,7.0,6.0,5.25,8.0,7.0,5.0,8.0,7.0,4.0,5.0,6.0,9.0,DOM
Dominican Republic,2019,3.0,5.0,7.0,6.0,5.25,7.75,7.0,5.0,7.0,7.0,4.0,5.0,6.0,9.0,DOM
Ecuador,2005,4.0,4.0,9.0,5.0,4.75,7.5,5.0,4.0,7.0,9.0,5.0,4.0,6.0,8.0,ECU
Ecuador,2007,5.0,4.0,9.0,5.0,4.75,8.0,5.0,3.0,8.0,8.0,5.0,4.0,7.0,9.0,ECU
Ecuador,2009,5.0,4.0,9.0,4.0,4.75,7.75,4.0,4.0,6.0,7.0,5.0,5.0,7.0,9.0,ECU
Ecuador,2011,4.0,4.0,7.0,5.0,5.0,7.0,4.0,4.0,6.0,7.0,5.0,5.0,7.0,8.0,ECU
Ecuador,2013,4.0,5.0,8.0,4.0,4.75,6.75,4.0,4.0,5.0,6.0,5.0,5.0,7.0,8.0,ECU
Ecuador,2015,4.0,5.0,8.0,4.0,4.5,6.25,4.0,4.0,4.0,6.0,6.0,4.0,6.0,6.0,ECU
Ecuador,2017,4.0,5.0,8.0,4.0,4.75,6.5,6.0,4.0,5.0,6.0,6.0,4.0,6.0,6.0,ECU
Ecuador,2019,3.0,5.0,9.0,7.0,6.5,8.5,7.0,6.0,8.0,8.0,6.0,5.0,7.0,9.0,ECU
El Salvador,2005,3.0,4.0,9.0,7.0,6.0,7.75,7.0,6.0,7.0,8.0,4.0,3.0,5.0,7.0,SLV
El Salvador,2007,3.0,4.0,9.0,6.0,6.0,7.75,7.0,6.0,8.0,7.0,4.0,4.0,6.0,7.0,SLV
El Salvador,2009,3.0,4.0,9.0,7.0,6.25,7.5,7.0,6.0,7.0,8.0,4.0,4.0,6.0,6.0,SLV
El Salvador,2011,3.0,4.0,9.0,7.0,6.25,8.25,7.0,6.0,8.0,8.0,5.0,7.0,6.0,8.0,SLV
El Salvador,2013,3.0,4.0,9.0,7.0,6.25,8.25,7.0,6.0,8.0,8.0,5.0,7.0,6.0,8.0,SLV
El Salvador,2015,4.0,4.0,9.0,7.0,6.0,8.5,6.0,6.0,8.0,9.0,5.0,7.0,5.0,8.0,SLV
El Salvador,2017,4.0,4.0,9.0,7.0,6.0,8.5,7.0,6.0,8.0,9.0,5.0,7.0,5.0,8.0,SLV
El Salvador,2019,4.0,4.0,9.0,7.0,6.0,8.5,7.0,6.0,8.0,9.0,5.0,7.0,5.0,8.0,SLV
Equatorial Guinea,2019,3.0,2.0,6.0,2.0,1.75,2.0,1.0,2.0,2.0,2.0,3.0,2.0,2.0,2.0,GNQ
Ethiopia (1993-),2005,7.0,3.0,7.0,3.0,3.25,3.75,2.0,4.0,4.0,3.0,4.0,4.0,3.0,5.0,ETH
Ethiopia (1993-),2007,7.0,1.0,7.0,4.0,3.5,3.0,2.0,4.0,2.0,4.0,2.0,4.0,3.0,4.0,ETH
Ethiopia (1993-),2009,7.0,2.0,5.0,3.0,3.25,3.0,2.0,3.0,4.0,3.0,3.0,3.0,3.0,3.0,ETH
Ethiopia (1993-),2011,8.0,1.0,7.0,3.0,2.75,2.75,2.0,3.0,3.0,3.0,3.0,2.0,2.0,3.0,ETH
Ethiopia (1993-),2013,8.0,2.0,6.0,3.0,3.0,2.0,2.0,4.0,2.0,2.0,4.0,2.0,2.0,2.0,ETH
Ethiopia (1993-),2015,8.0,2.0,6.0,3.0,3.0,2.25,2.0,3.0,2.0,2.0,2.0,2.0,2.0,3.0,ETH
Ethiopia (1993-),2017,8.0,2.0,5.0,2.0,2.75,2.0,2.0,3.0,2.0,2.0,2.0,2.0,2.0,2.0,ETH
Ethiopia (1993-),2019,6.0,1.0,6.0,3.0,3.25,3.75,3.0,4.0,3.0,4.0,3.0,4.0,2.0,5.0,ETH
Eritrea,2005,2.0,2.0,7.0,2.0,2.5,2.0,1.0,3.0,1.0,1.0,4.0,1.0,1.0,3.0,ERI
Eritrea,2007,4.0,2.0,7.0,1.0,2.0,1.25,1.0,2.0,1.0,1.0,2.0,1.0,1.0,1.0,ERI
Eritrea,2009,6.0,3.0,7.0,1.0,2.0,1.0,1.0,2.0,1.0,1.0,3.0,1.0,1.0,1.0,ERI
Eritrea,2011,7.0,1.0,7.0,1.0,1.25,1.0,1.0,1.0,1.0,1.0,1.0,1.0,1.0,1.0,ERI
Eritrea,2013,6.0,1.0,6.0,1.0,1.25,1.0,1.0,1.0,1.0,1.0,1.0,1.0,1.0,1.0,ERI
Eritrea,2015,6.0,1.0,7.0,1.0,1.25,1.0,1.0,1.0,1.0,1.0,1.0,1.0,1.0,1.0,ERI
Eritrea,2017,5.0,1.0,7.0,1.0,1.25,1.0,1.0,1.0,1.0,1.0,1.0,1.0,1.0,1.0,ERI
Eritrea,2019,5.0,1.0,7.0,1.0,1.25,1.0,1.0,1.0,1.0,1.0,1.0,1.0,1.0,1.0,ERI
Estonia,2005,3.0,8.0,7.0,10.0,9.5,9.75,10.0,10.0,10.0,9.0,9.0,7.0,9.0,10.0,EST
Estonia,2007,2.0,8.0,8.0,10.0,9.75,9.75,10.0,10.0,10.0,9.0,9.0,8.0,10.0,10.0,EST
Estonia,2009,2.0,8.0,8.0,10.0,9.75,9.75,10.0,10.0,10.0,9.0,9.0,9.0,10.0,10.0,EST
Estonia,2011,3.0,8.0,8.0,10.0,9.75,9.75,10.0,10.0,10.0,9.0,9.0,9.0,10.0,10.0,EST
Estonia,2013,3.0,8.0,8.0,10.0,9.75,10.0,10.0,10.0,10.0,10.0,9.0,9.0,10.0,10.0,EST
Estonia,2015,3.0,8.0,8.0,10.0,9.75,10.0,10.0,10.0,10.0,10.0,9.0,9.0,10.0,10.0,EST
Estonia,2017,3.0,8.0,8.0,10.0,10.0,10.0,10.0,10.0,10.0,10.0,9.0,9.0,10.0,10.0,EST
Estonia,2019,3.0,8.0,9.0,10.0,10.0,10.0,10.0,10.0,10.0,10.0,9.0,9.0,10.0,10.0,EST
Djibouti,2019,3.0,2.0,7.0,3.0,3.0,3.0,3.0,3.0,2.0,4.0,4.0,1.0,3.0,3.0,DJI
Gabon,2019,2.0,4.0,9.0,3.0,3.75,3.75,3.0,3.0,4.0,4.0,5.0,3.0,5.0,4.0,GAB
Georgia,2005,6.0,4.0,5.0,5.0,6.5,7.5,6.0,7.0,6.0,9.0,4.0,5.0,7.0,8.0,GEO
Georgia,2007,6.0,4.0,6.0,5.0,6.0,8.5,7.0,5.0,7.0,9.0,4.0,5.0,7.0,9.0,GEO
Georgia,2009,8.0,4.0,6.0,5.0,5.5,7.25,6.0,5.0,6.0,7.0,4.0,5.0,6.0,7.0,GEO
Georgia,2011,6.0,4.0,6.0,6.0,6.0,7.5,6.0,6.0,6.0,8.0,4.0,5.0,6.0,7.0,GEO
Georgia,2013,6.0,4.0,7.0,6.0,6.0,8.0,6.0,6.0,7.0,8.0,4.0,6.0,6.0,8.0,GEO
Georgia,2015,5.0,4.0,6.0,6.0,6.5,8.5,6.0,7.0,8.0,9.0,6.0,6.0,7.0,9.0,GEO
Georgia,2017,5.0,4.0,6.0,6.0,6.5,8.5,7.0,7.0,8.0,9.0,5.0,7.0,7.0,9.0,GEO
Georgia,2019,5.0,5.0,6.0,6.0,6.25,8.25,6.0,6.0,8.0,8.0,5.0,6.0,7.0,9.0,GEO
Gambia,2019,4.0,2.0,10.0,6.0,5.5,7.0,7.0,6.0,7.0,7.0,5.0,5.0,6.0,7.0,GMB
Ghana,2005,4.0,5.0,9.0,8.0,7.5,8.5,7.0,7.0,8.0,9.0,4.0,6.0,8.0,9.0,GHA
Ghana,2007,4.0,5.0,9.0,8.0,7.5,9.0,8.0,8.0,9.0,9.0,6.0,7.0,8.0,9.0,GHA
Ghana,2009,4.0,5.0,9.0,8.0,7.5,8.5,9.0,8.0,8.0,8.0,7.0,7.0,8.0,9.0,GHA
Ghana,2011,4.0,5.0,9.0,8.0,7.5,8.75,9.0,8.0,9.0,8.0,7.0,7.0,8.0,9.0,GHA
Ghana,2013,4.0,5.0,9.0,8.0,7.5,9.0,9.0,8.0,9.0,8.0,7.0,7.0,8.0,10.0,GHA
Ghana,2015,4.0,4.0,9.0,8.0,6.75,8.5,9.0,8.0,8.0,8.0,6.0,7.0,6.0,9.0,GHA
Ghana,2017,4.0,4.0,9.0,8.0,7.0,8.5,9.0,8.0,8.0,8.0,6.0,7.0,7.0,9.0,GHA
Ghana,2019,4.0,4.0,9.0,8.0,7.0,8.5,9.0,8.0,8.0,8.0,6.0,7.0,7.0,9.0,GHA
Guatemala,2005,5.0,3.0,6.0,6.0,5.25,6.25,5.0,5.0,5.0,7.0,3.0,6.0,5.0,6.0,GTM
Guatemala,2007,6.0,3.0,6.0,6.0,5.5,6.25,6.0,6.0,6.0,7.0,3.0,5.0,5.0,6.0,GTM
Guatemala,2009,6.0,3.0,6.0,6.0,5.25,6.5,6.0,5.0,6.0,8.0,4.0,6.0,5.0,6.0,GTM
Guatemala,2011,6.0,3.0,6.0,6.0,5.25,6.0,5.0,5.0,6.0,7.0,4.0,6.0,5.0,6.0,GTM
Guatemala,2013,7.0,3.0,6.0,6.0,5.25,5.25,5.0,5.0,5.0,6.0,4.0,5.0,5.0,5.0,GTM
Guatemala,2015,6.0,3.0,6.0,5.0,4.5,5.25,5.0,5.0,6.0,6.0,4.0,5.0,4.0,5.0,GTM
Guatemala,2017,6.0,3.0,6.0,5.0,4.75,5.25,5.0,5.0,6.0,6.0,4.0,5.0,4.0,5.0,GTM
Guatemala,2019,6.0,3.0,6.0,3.0,3.25,4.75,3.0,3.0,5.0,6.0,4.0,4.0,4.0,5.0,GTM
Guinea,2005,3.0,2.0,9.0,3.0,3.5,3.5,2.0,3.0,4.0,3.0,4.0,4.0,4.0,5.0,GIN
Guinea,2007,6.0,1.0,9.0,3.0,2.5,3.75,2.0,3.0,4.0,3.0,2.0,3.0,3.0,6.0,GIN
Guinea,2009,7.0,2.0,9.0,2.0,2.75,3.0,1.0,2.0,5.0,1.0,4.0,2.0,3.0,5.0,GIN
Guinea,2011,6.0,1.0,9.0,4.0,4.0,6.25,5.0,4.0,6.0,6.0,4.0,5.0,4.0,7.0,GIN
Guinea,2013,7.0,1.0,8.0,4.0,4.75,5.25,3.0,5.0,7.0,5.0,5.0,6.0,5.0,6.0,GIN
Guinea,2015,7.0,1.0,8.0,5.0,4.75,6.0,5.0,5.0,6.0,6.0,5.0,6.0,5.0,6.0,GIN
Guinea,2017,6.0,1.0,9.0,5.0,5.0,6.25,5.0,6.0,6.0,6.0,5.0,6.0,5.0,6.0,GIN
Guinea,2019,6.0,1.0,9.0,5.0,4.75,6.0,5.0,5.0,5.0,6.0,5.0,6.0,5.0,6.0,GIN
Haiti,2005,6.0,1.0,7.0,3.0,3.0,3.75,2.0,4.0,4.0,3.0,3.0,3.0,3.0,6.0,HTI
Haiti,2007,7.0,1.0,6.0,4.0,3.75,5.5,4.0,3.0,4.0,6.0,3.0,4.0,5.0,7.0,HTI
Haiti,2009,7.0,1.0,7.0,4.0,4.25,6.0,5.0,3.0,5.0,6.0,3.0,5.0,6.0,7.0,HTI
Haiti,2011,7.0,1.0,7.0,4.0,3.75,4.5,2.0,3.0,5.0,4.0,3.0,4.0,5.0,7.0,HTI
Haiti,2013,7.0,1.0,7.0,4.0,3.75,5.0,3.0,3.0,6.0,5.0,3.0,4.0,5.0,7.0,HTI
Haiti,2015,6.0,1.0,7.0,3.0,3.0,5.0,3.0,3.0,6.0,5.0,3.0,4.0,4.0,7.0,HTI
Haiti,2017,6.0,1.0,7.0,3.0,3.0,6.0,3.0,3.0,7.0,6.0,3.0,4.0,4.0,7.0,HTI
Haiti,2019,6.0,1.0,7.0,4.0,3.0,6.0,3.0,3.0,7.0,6.0,3.0,4.0,3.0,7.0,HTI
Honduras,2005,3.0,3.0,9.0,8.0,6.0,7.75,8.0,5.0,6.0,9.0,4.0,5.0,6.0,8.0,HND
Honduras,2007,3.0,3.0,9.0,8.0,6.0,7.5,7.0,5.0,6.0,9.0,4.0,6.0,6.0,8.0,HND
Honduras,2009,3.0,3.0,9.0,6.0,5.25,7.5,6.0,5.0,7.0,8.0,4.0,6.0,6.0,8.0,HND
Honduras,2011,5.0,3.0,9.0,6.0,5.75,6.75,6.0,6.0,7.0,7.0,4.0,6.0,6.0,7.0,HND
Honduras,2013,4.0,3.0,9.0,6.0,5.75,7.0,7.0,6.0,6.0,7.0,4.0,6.0,6.0,8.0,HND
Honduras,2015,5.0,3.0,9.0,7.0,5.75,7.25,6.0,6.0,6.0,8.0,4.0,6.0,5.0,8.0,HND
Honduras,2017,5.0,3.0,9.0,5.0,4.75,5.75,5.0,5.0,5.0,6.0,4.0,5.0,4.0,6.0,HND
Honduras,2019,6.0,3.0,8.0,3.0,3.25,4.5,3.0,3.0,5.0,5.0,4.0,4.0,4.0,5.0,HND
Hungary,2005,2.0,9.0,10.0,10.0,9.0,10.0,9.0,9.0,10.0,10.0,9.0,9.0,9.0,10.0,HUN
Hungary,2007,2.0,10.0,10.0,10.0,9.25,10.0,8.0,9.0,10.0,10.0,9.0,8.0,10.0,10.0,HUN
Hungary,2009,2.0,9.0,10.0,10.0,9.0,10.0,8.0,9.0,10.0,10.0,9.0,8.0,9.0,10.0,HUN
Hungary,2011,3.0,9.0,10.0,7.0,7.75,9.0,7.0,8.0,8.0,9.0,8.0,7.0,8.0,9.0,HUN
Hungary,2013,3.0,8.0,9.0,6.0,7.25,8.75,7.0,7.0,7.0,9.0,8.0,6.0,8.0,9.0,HUN
Hungary,2015,3.0,8.0,9.0,5.0,6.5,7.5,7.0,6.0,6.0,7.0,8.0,5.0,8.0,7.0,HUN
Hungary,2017,3.0,8.0,9.0,5.0,6.0,7.5,6.0,6.0,6.0,7.0,7.0,4.0,7.0,7.0,HUN
Hungary,2019,4.0,7.0,10.0,5.0,5.75,7.0,6.0,6.0,5.0,6.0,7.0,4.0,7.0,7.0,HUN
India,2005,5.0,5.0,9.0,9.0,7.5,8.75,9.0,8.0,9.0,7.0,5.0,7.0,7.0,10.0,IND
India,2007,5.0,5.0,8.0,9.0,7.5,9.25,9.0,8.0,9.0,9.0,4.0,7.0,7.0,10.0,IND
India,2009,5.0,5.0,8.0,9.0,7.5,9.25,9.0,8.0,9.0,8.0,4.0,8.0,7.0,10.0,IND
India,2011,5.0,4.0,8.0,9.0,7.5,9.5,8.0,8.0,9.0,9.0,4.0,8.0,7.0,10.0,IND
India,2013,5.0,4.0,8.0,9.0,7.5,9.25,8.0,8.0,8.0,9.0,4.0,8.0,7.0,10.0,IND
India,2015,6.0,4.0,8.0,9.0,7.25,8.25,8.0,7.0,7.0,9.0,4.0,8.0,7.0,9.0,IND
India,2017,6.0,4.0,7.0,9.0,7.0,8.0,8.0,7.0,7.0,9.0,4.0,7.0,6.0,7.0,IND
India,2019,6.0,4.0,7.0,9.0,7.0,7.25,8.0,7.0,6.0,9.0,4.0,7.0,6.0,6.0,IND
Indonesia,2005,7.0,6.0,7.0,6.0,5.5,7.5,6.0,5.0,7.0,9.0,5.0,5.0,7.0,8.0,IDN
Indonesia,2007,7.0,6.0,7.0,7.0,5.5,7.25,7.0,5.0,6.0,9.0,5.0,6.0,7.0,8.0,IDN
Indonesia,2009,6.0,6.0,7.0,9.0,6.75,7.75,7.0,6.0,7.0,9.0,5.0,6.0,7.0,8.0,IDN
Indonesia,2011,6.0,6.0,7.0,9.0,6.25,7.5,7.0,5.0,7.0,9.0,5.0,6.0,7.0,7.0,IDN
Indonesia,2013,5.0,5.0,8.0,9.0,6.25,7.25,7.0,5.0,6.0,9.0,5.0,7.0,6.0,7.0,IDN
Indonesia,2015,5.0,5.0,8.0,9.0,6.25,7.0,7.0,5.0,6.0,8.0,5.0,7.0,6.0,7.0,IDN
Indonesia,2017,6.0,5.0,7.0,9.0,6.25,7.0,6.0,5.0,6.0,8.0,5.0,7.0,6.0,7.0,IDN
Indonesia,2019,5.0,5.0,7.0,8.0,6.0,6.5,7.0,5.0,6.0,8.0,5.0,7.0,6.0,6.0,IDN
Iran,2005,5.0,4.0,7.0,4.0,3.5,3.75,2.0,2.0,4.0,4.0,4.0,3.0,4.0,5.0,IRN
Iran,2007,4.0,4.0,8.0,4.0,3.5,3.75,2.0,3.0,4.0,5.0,5.0,2.0,4.0,4.0,IRN
Iran,2009,4.0,4.0,7.0,4.0,3.25,3.25,2.0,3.0,3.0,4.0,3.0,2.0,3.0,4.0,IRN
Iran,2011,4.0,5.0,8.0,4.0,2.75,2.5,2.0,2.0,2.0,3.0,3.0,2.0,2.0,3.0,IRN
Iran,2013,5.0,4.0,8.0,4.0,2.75,2.25,2.0,2.0,1.0,3.0,2.0,2.0,2.0,3.0,IRN
Iran,2015,4.0,3.0,8.0,3.0,2.5,2.5,2.0,2.0,1.0,4.0,2.0,2.0,2.0,3.0,IRN
Iran,2017,5.0,3.0,7.0,3.0,2.25,2.75,2.0,2.0,2.0,4.0,2.0,2.0,2.0,3.0,IRN
Iran,2019,5.0,3.0,7.0,3.0,2.25,2.25,2.0,2.0,2.0,3.0,2.0,1.0,2.0,2.0,IRN
Iraq,2007,10.0,2.0,4.0,5.0,3.0,5.0,3.0,2.0,5.0,6.0,3.0,2.0,3.0,6.0,IRQ
Iraq,2009,9.0,3.0,5.0,6.0,4.0,5.75,4.0,4.0,5.0,7.0,3.0,3.0,4.0,7.0,IRQ
Iraq,2011,8.0,3.0,5.0,6.0,4.25,5.75,4.0,5.0,5.0,7.0,3.0,3.0,4.0,7.0,IRQ
Iraq,2013,9.0,3.0,4.0,5.0,3.5,5.25,4.0,3.0,4.0,7.0,3.0,4.0,4.0,6.0,IRQ
Iraq,2015,10.0,3.0,4.0,5.0,3.5,4.5,3.0,4.0,3.0,7.0,2.0,4.0,3.0,5.0,IRQ
Iraq,2017,10.0,3.0,4.0,5.0,3.75,4.75,3.0,4.0,3.0,6.0,2.0,4.0,3.0,6.0,IRQ
Iraq,2019,9.0,3.0,5.0,5.0,3.75,5.25,3.0,4.0,3.0,6.0,3.0,5.0,3.0,7.0,IRQ
Cote d'Ivoire,2005,10.0,2.0,3.0,3.0,2.75,3.25,1.0,3.0,3.0,4.0,2.0,1.0,3.0,4.0,CIV
Cote d'Ivoire,2007,7.0,2.0,3.0,2.0,2.5,3.25,2.0,3.0,4.0,3.0,2.0,2.0,3.0,4.0,CIV
Cote d'Ivoire,2009,6.0,2.0,4.0,2.0,2.75,3.5,2.0,3.0,5.0,2.0,2.0,2.0,3.0,5.0,CIV
Cote d'Ivoire,2011,8.0,2.0,2.0,2.0,2.5,3.75,2.0,3.0,3.0,4.0,2.0,3.0,2.0,6.0,CIV
Cote d'Ivoire,2013,7.0,2.0,4.0,4.0,3.5,6.0,5.0,3.0,5.0,6.0,2.0,4.0,4.0,7.0,CIV
Cote d'Ivoire,2015,5.0,2.0,5.0,4.0,3.5,7.0,6.0,3.0,6.0,7.0,3.0,4.0,4.0,8.0,CIV
Cote d'Ivoire,2017,5.0,2.0,6.0,4.0,3.75,7.0,6.0,3.0,7.0,7.0,3.0,4.0,5.0,8.0,CIV
Cote d'Ivoire,2019,5.0,2.0,6.0,4.0,3.75,7.0,6.0,3.0,7.0,6.0,4.0,4.0,5.0,8.0,CIV
Jamaica,2005,3.0,6.0,10.0,9.0,7.75,10.0,9.0,9.0,10.0,10.0,6.0,6.0,8.0,10.0,JAM
Jamaica,2007,3.0,6.0,10.0,9.0,7.5,9.75,9.0,9.0,10.0,10.0,6.0,6.0,8.0,10.0,JAM
Jamaica,2009,3.0,6.0,9.0,9.0,7.25,9.75,8.0,9.0,10.0,10.0,6.0,6.0,7.0,10.0,JAM
Jamaica,2011,3.0,6.0,10.0,8.0,7.25,9.5,8.0,9.0,10.0,9.0,6.0,6.0,7.0,10.0,JAM
Jamaica,2013,3.0,5.0,10.0,8.0,7.25,9.5,8.0,9.0,10.0,9.0,6.0,6.0,7.0,10.0,JAM
Jamaica,2015,4.0,5.0,10.0,8.0,7.25,9.5,8.0,9.0,10.0,9.0,6.0,6.0,7.0,10.0,JAM
Jamaica,2017,4.0,5.0,10.0,8.0,7.25,9.5,8.0,9.0,10.0,9.0,6.0,6.0,7.0,10.0,JAM
Jamaica,2019,4.0,5.0,10.0,8.0,7.25,9.5,8.0,9.0,10.0,9.0,6.0,6.0,7.0,10.0,JAM
Kazakhstan,2005,1.0,6.0,8.0,3.0,4.0,2.75,2.0,4.0,3.0,3.0,5.0,4.0,5.0,4.0,KAZ
Kazakhstan,2007,3.0,5.0,8.0,3.0,3.75,3.25,2.0,4.0,4.0,3.0,6.0,3.0,4.0,4.0,KAZ
Kazakhstan,2009,3.0,5.0,8.0,3.0,3.75,3.25,2.0,4.0,4.0,3.0,6.0,3.0,4.0,4.0,KAZ
Kazakhstan,2011,2.0,5.0,8.0,2.0,3.25,3.25,2.0,4.0,4.0,3.0,6.0,3.0,4.0,4.0,KAZ
Kazakhstan,2013,3.0,5.0,8.0,2.0,3.0,2.75,2.0,4.0,3.0,3.0,6.0,2.0,3.0,3.0,KAZ
Kazakhstan,2015,3.0,5.0,8.0,2.0,2.75,2.5,2.0,3.0,3.0,2.0,6.0,2.0,3.0,3.0,KAZ
Kazakhstan,2017,4.0,5.0,8.0,2.0,3.0,2.5,2.0,4.0,3.0,2.0,6.0,2.0,3.0,3.0,KAZ
Kazakhstan,2019,4.0,6.0,8.0,2.0,3.5,2.25,2.0,4.0,2.0,2.0,6.0,3.0,4.0,3.0,KAZ
Jordan,2005,4.0,5.0,6.0,4.0,4.25,3.75,2.0,4.0,5.0,4.0,5.0,5.0,5.0,4.0,JOR
Jordan,2007,5.0,5.0,6.0,4.0,4.25,3.75,2.0,4.0,5.0,4.0,5.0,4.0,5.0,4.0,JOR
Jordan,2009,5.0,4.0,7.0,3.0,4.0,3.75,2.0,4.0,4.0,4.0,5.0,3.0,5.0,5.0,JOR
Jordan,2011,5.0,4.0,6.0,3.0,4.0,3.75,2.0,4.0,4.0,4.0,5.0,3.0,5.0,5.0,JOR
Jordan,2013,5.0,4.0,6.0,3.0,4.25,4.0,2.0,5.0,4.0,5.0,5.0,3.0,5.0,5.0,JOR
Jordan,2015,5.0,4.0,6.0,3.0,4.5,3.75,2.0,5.0,4.0,4.0,5.0,4.0,5.0,5.0,JOR
Jordan,2017,5.0,4.0,6.0,3.0,4.5,4.0,2.0,5.0,4.0,5.0,5.0,4.0,5.0,5.0,JOR
Jordan,2019,5.0,4.0,6.0,3.0,4.25,4.0,2.0,5.0,4.0,5.0,5.0,4.0,5.0,5.0,JOR
Kenya,2005,7.0,2.0,9.0,6.0,5.5,7.0,5.0,5.0,6.0,9.0,5.0,5.0,6.0,6.0,KEN
Kenya,2007,5.0,2.0,9.0,7.0,6.0,8.0,6.0,5.0,8.0,9.0,4.0,5.0,8.0,8.0,KEN
Kenya,2009,7.0,2.0,8.0,5.0,4.75,5.75,6.0,4.0,6.0,6.0,3.0,5.0,7.0,5.0,KEN
Kenya,2011,6.0,2.0,8.0,6.0,5.5,6.75,6.0,5.0,8.0,6.0,3.0,5.0,7.0,7.0,KEN
Kenya,2013,5.0,2.0,9.0,7.0,5.75,7.25,6.0,6.0,8.0,7.0,5.0,5.0,6.0,7.0,KEN
Kenya,2015,7.0,3.0,8.0,6.0,5.5,6.5,6.0,6.0,7.0,8.0,5.0,5.0,6.0,5.0,KEN
Kenya,2017,7.0,3.0,8.0,6.0,5.5,6.5,6.0,6.0,7.0,8.0,5.0,5.0,6.0,5.0,KEN
Kenya,2019,6.0,3.0,7.0,6.0,5.5,4.5,3.0,7.0,5.0,5.0,5.0,4.0,5.0,5.0,KEN
"Korea, North",2005,2.0,4.0,10.0,1.0,1.25,1.0,1.0,1.0,1.0,1.0,4.0,1.0,1.0,1.0,PRK
"Korea, North",2007,3.0,4.0,10.0,1.0,1.0,1.0,1.0,1.0,1.0,1.0,1.0,1.0,1.0,1.0,PRK
"Korea, North",2009,4.0,3.0,10.0,1.0,1.0,1.0,1.0,1.0,1.0,1.0,3.0,1.0,1.0,1.0,PRK
"Korea, North",2011,4.0,2.0,10.0,1.0,1.0,1.0,1.0,1.0,1.0,1.0,2.0,1.0,1.0,1.0,PRK
"Korea, North",2013,3.0,2.0,10.0,1.0,1.0,1.0,1.0,1.0,1.0,1.0,2.0,1.0,1.0,1.0,PRK
"Korea, North",2015,3.0,2.0,10.0,1.0,1.0,1.0,1.0,1.0,1.0,1.0,2.0,1.0,1.0,1.0,PRK
"Korea, North",2017,3.0,2.0,10.0,1.0,1.0,1.0,1.0,1.0,1.0,1.0,2.0,1.0,1.0,1.0,PRK
"Korea, North",2019,2.0,2.0,10.0,1.0,1.25,1.0,1.0,1.0,1.0,1.0,2.0,1.0,1.0,1.0,PRK
"Korea, South",2005,2.0,10.0,10.0,8.0,8.5,9.25,8.0,9.0,9.0,10.0,10.0,9.0,9.0,8.0,KOR
"Korea, South",2007,2.0,10.0,10.0,8.0,8.25,9.25,8.0,9.0,9.0,10.0,8.0,9.0,9.0,8.0,KOR
"Korea, South",2009,2.0,9.0,10.0,9.0,8.75,9.0,8.0,9.0,8.0,10.0,8.0,8.0,9.0,8.0,KOR
"Korea, South",2011,2.0,9.0,10.0,9.0,8.5,8.75,8.0,9.0,7.0,10.0,8.0,6.0,8.0,8.0,KOR
"Korea, South",2013,2.0,9.0,10.0,9.0,8.25,8.75,8.0,9.0,7.0,10.0,8.0,6.0,8.0,8.0,KOR
"Korea, South",2015,2.0,9.0,10.0,9.0,8.25,8.25,8.0,9.0,7.0,9.0,8.0,6.0,8.0,7.0,KOR
"Korea, South",2017,3.0,9.0,10.0,9.0,8.25,8.25,8.0,9.0,7.0,9.0,7.0,6.0,8.0,7.0,KOR
"Korea, South",2019,2.0,9.0,10.0,9.0,8.5,8.5,8.0,9.0,8.0,9.0,7.0,7.0,8.0,7.0,KOR
Kuwait,2007,5.0,7.0,6.0,3.0,4.5,4.25,2.0,4.0,6.0,4.0,4.0,3.0,7.0,5.0,KWT
Kuwait,2009,4.0,8.0,9.0,4.0,5.0,4.75,2.0,4.0,7.0,4.0,5.0,4.0,7.0,6.0,KWT
Kuwait,2011,4.0,8.0,8.0,5.0,5.25,4.5,3.0,4.0,6.0,4.0,6.0,4.0,7.0,6.0,KWT
Kuwait,2013,4.0,8.0,7.0,5.0,5.25,4.5,2.0,4.0,6.0,4.0,6.0,5.0,7.0,6.0,KWT
Kuwait,2015,4.0,8.0,6.0,4.0,4.75,3.5,3.0,4.0,5.0,3.0,6.0,4.0,6.0,4.0,KWT
Kuwait,2017,5.0,7.0,6.0,4.0,4.5,3.75,3.0,5.0,4.0,4.0,6.0,4.0,5.0,4.0,KWT
Kuwait,2019,4.0,7.0,7.0,4.0,5.0,3.75,3.0,5.0,4.0,4.0,6.0,4.0,6.0,4.0,KWT
Kyrgyzstan,2005,5.0,4.0,8.0,4.0,3.75,3.75,2.0,3.0,4.0,4.0,5.0,5.0,5.0,6.0,KGZ
Kyrgyzstan,2007,5.0,4.0,9.0,6.0,5.25,6.75,4.0,4.0,7.0,7.0,4.0,6.0,7.0,8.0,KGZ
Kyrgyzstan,2009,4.0,4.0,9.0,3.0,4.0,3.5,2.0,4.0,4.0,4.0,5.0,5.0,6.0,4.0,KGZ
Kyrgyzstan,2011,6.0,4.0,8.0,5.0,4.25,6.0,4.0,3.0,7.0,6.0,5.0,7.0,6.0,7.0,KGZ
Kyrgyzstan,2013,6.0,4.0,8.0,6.0,4.5,6.25,4.0,3.0,7.0,6.0,5.0,7.0,6.0,7.0,KGZ
Kyrgyzstan,2015,6.0,4.0,8.0,6.0,5.0,6.25,5.0,4.0,7.0,6.0,5.0,6.0,6.0,7.0,KGZ
Kyrgyzstan,2017,5.0,4.0,8.0,6.0,5.25,6.5,5.0,4.0,6.0,7.0,5.0,5.0,6.0,7.0,KGZ
Kyrgyzstan,2019,4.0,4.0,8.0,5.0,5.0,6.25,5.0,4.0,6.0,6.0,5.0,6.0,6.0,7.0,KGZ
Laos,2005,3.0,3.0,8.0,1.0,2.25,1.0,1.0,2.0,1.0,1.0,4.0,1.0,3.0,1.0,LAO
Laos,2007,3.0,4.0,8.0,1.0,1.5,1.5,1.0,1.0,1.0,2.0,3.0,2.0,2.0,1.0,LAO
Laos,2009,3.0,4.0,8.0,1.0,1.75,1.25,1.0,1.0,1.0,1.0,3.0,1.0,3.0,1.0,LAO
Laos,2011,3.0,4.0,8.0,1.0,2.0,1.0,1.0,1.0,1.0,1.0,4.0,2.0,3.0,1.0,LAO
Laos,2013,3.0,4.0,8.0,1.0,2.25,1.0,1.0,2.0,1.0,1.0,4.0,2.0,3.0,1.0,LAO
Laos,2015,3.0,4.0,8.0,1.0,2.0,1.0,1.0,2.0,1.0,1.0,5.0,1.0,3.0,1.0,LAO
Laos,2017,3.0,4.0,8.0,1.0,2.0,1.0,1.0,2.0,1.0,1.0,5.0,1.0,3.0,1.0,LAO
Laos,2019,3.0,4.0,9.0,1.0,2.25,1.0,1.0,2.0,1.0,1.0,5.0,1.0,3.0,1.0,LAO
Lebanon,2005,6.0,5.0,6.0,6.0,5.0,6.0,5.0,5.0,6.0,7.0,6.0,4.0,6.0,7.0,LBN
Lebanon,2007,6.0,6.0,7.0,6.0,5.5,7.25,6.0,6.0,8.0,7.0,6.0,7.0,7.0,9.0,LBN
Lebanon,2009,7.0,5.0,8.0,7.0,6.25,6.25,6.0,7.0,7.0,7.0,6.0,6.0,7.0,7.0,LBN
Lebanon,2011,7.0,5.0,8.0,6.0,5.75,6.5,6.0,6.0,7.0,7.0,6.0,6.0,7.0,8.0,LBN
Lebanon,2013,7.0,5.0,8.0,6.0,5.75,6.25,6.0,6.0,6.0,7.0,6.0,6.0,7.0,8.0,LBN
Lebanon,2015,7.0,4.0,8.0,5.0,5.25,6.0,5.0,6.0,7.0,6.0,6.0,6.0,7.0,7.0,LBN
Lebanon,2017,7.0,4.0,7.0,5.0,4.75,5.75,3.0,5.0,7.0,5.0,4.0,5.0,6.0,8.0,LBN
Lebanon,2019,6.0,4.0,7.0,5.0,4.75,6.0,5.0,5.0,6.0,6.0,5.0,5.0,6.0,8.0,LBN
Lesotho,2009,4.0,2.0,8.0,4.0,5.25,5.5,5.0,6.0,4.0,6.0,5.0,5.0,6.0,6.0,LSO
Lesotho,2011,4.0,2.0,8.0,4.0,5.25,5.5,5.0,6.0,4.0,6.0,5.0,5.0,6.0,6.0,LSO
Lesotho,2013,5.0,2.0,9.0,5.0,6.0,7.25,5.0,6.0,6.0,8.0,5.0,5.0,6.0,7.0,LSO
Lesotho,2015,7.0,2.0,9.0,4.0,5.5,6.25,4.0,6.0,6.0,8.0,6.0,3.0,6.0,7.0,LSO
Lesotho,2017,7.0,2.0,9.0,4.0,5.5,5.75,4.0,6.0,5.0,8.0,5.0,4.0,6.0,6.0,LSO
Lesotho,2019,6.0,2.0,8.0,4.0,5.0,6.0,4.0,5.0,6.0,8.0,5.0,4.0,6.0,6.0,LSO
Latvia,2005,3.0,7.0,6.0,10.0,8.5,9.5,7.0,8.0,10.0,8.0,8.0,7.0,9.0,10.0,LVA
Latvia,2007,3.0,8.0,8.0,10.0,8.5,9.75,8.0,8.0,10.0,9.0,8.0,6.0,9.0,10.0,LVA
Latvia,2009,3.0,8.0,8.0,10.0,8.5,9.75,9.0,8.0,10.0,9.0,8.0,6.0,9.0,10.0,LVA
Latvia,2011,3.0,7.0,8.0,10.0,8.5,9.5,9.0,8.0,9.0,9.0,8.0,6.0,9.0,10.0,LVA
Latvia,2013,4.0,7.0,8.0,9.0,8.25,9.5,9.0,8.0,9.0,9.0,8.0,6.0,9.0,10.0,LVA
Latvia,2015,4.0,7.0,8.0,9.0,8.25,9.0,10.0,8.0,8.0,9.0,8.0,7.0,9.0,10.0,LVA
Latvia,2017,4.0,7.0,8.0,9.0,8.25,9.0,10.0,8.0,8.0,9.0,8.0,7.0,9.0,10.0,LVA
Latvia,2019,4.0,7.0,8.0,9.0,8.25,9.25,10.0,8.0,8.0,9.0,8.0,7.0,9.0,10.0,LVA
Liberia,2005,8.0,1.0,4.0,3.0,2.75,3.5,2.0,2.0,5.0,1.0,1.0,5.0,3.0,7.0,LBR
Liberia,2007,5.0,1.0,8.0,5.0,4.5,6.5,5.0,3.0,5.0,8.0,1.0,6.0,6.0,8.0,LBR
Liberia,2009,4.0,1.0,8.0,6.0,5.25,6.75,6.0,4.0,5.0,8.0,3.0,6.0,6.0,8.0,LBR
Liberia,2011,4.0,1.0,8.0,6.0,5.25,7.0,7.0,4.0,6.0,8.0,4.0,6.0,6.0,8.0,LBR
Liberia,2013,4.0,1.0,8.0,6.0,5.25,7.0,7.0,5.0,6.0,8.0,4.0,6.0,5.0,8.0,LBR
Liberia,2015,4.0,1.0,8.0,6.0,5.25,7.0,7.0,5.0,6.0,8.0,4.0,7.0,5.0,8.0,LBR
Liberia,2017,4.0,1.0,8.0,6.0,5.25,7.5,6.0,5.0,7.0,8.0,4.0,7.0,5.0,8.0,LBR
Liberia,2019,4.0,1.0,8.0,6.0,5.5,7.25,6.0,5.0,7.0,8.0,4.0,6.0,6.0,7.0,LBR
Libya,2005,2.0,6.0,7.0,2.0,3.25,1.25,1.0,4.0,1.0,1.0,5.0,3.0,3.0,2.0,LBY
Libya,2007,2.0,6.0,7.0,2.0,3.0,1.75,1.0,3.0,2.0,2.0,6.0,2.0,3.0,2.0,LBY
Libya,2009,2.0,6.0,7.0,2.0,3.0,1.5,2.0,3.0,2.0,1.0,7.0,2.0,3.0,2.0,LBY
Libya,2011,2.0,6.0,7.0,2.0,2.75,1.25,2.0,2.0,1.0,1.0,7.0,2.0,3.0,2.0,LBY
Libya,2013,7.0,5.0,7.0,4.0,3.0,6.5,3.0,3.0,7.0,8.0,5.0,5.0,2.0,8.0,LBY
Libya,2015,10.0,3.0,2.0,2.0,1.75,3.75,2.0,2.0,6.0,4.0,3.0,4.0,1.0,4.0,LBY
Libya,2017,10.0,3.0,2.0,2.0,1.75,3.5,2.0,2.0,4.0,4.0,3.0,2.0,1.0,4.0,LBY
Libya,2019,9.0,3.0,2.0,3.0,2.75,2.75,2.0,3.0,4.0,3.0,2.0,2.0,2.0,3.0,LBY
Lithuania,2005,1.0,8.0,10.0,10.0,9.25,10.0,9.0,9.0,10.0,10.0,8.0,8.0,9.0,10.0,LTU
Lithuania,2007,1.0,8.0,10.0,10.0,9.5,10.0,9.0,9.0,10.0,10.0,9.0,8.0,10.0,10.0,LTU
Lithuania,2009,1.0,8.0,10.0,10.0,9.0,9.75,10.0,9.0,9.0,10.0,9.0,8.0,9.0,10.0,LTU
Lithuania,2011,1.0,8.0,10.0,10.0,9.0,9.75,10.0,9.0,9.0,10.0,9.0,9.0,9.0,10.0,LTU
Lithuania,2013,2.0,8.0,10.0,10.0,8.75,9.5,10.0,9.0,9.0,9.0,9.0,9.0,8.0,10.0,LTU
Lithuania,2015,1.0,8.0,10.0,10.0,9.0,9.5,10.0,9.0,9.0,9.0,9.0,9.0,9.0,10.0,LTU
Lithuania,2017,1.0,8.0,10.0,10.0,9.5,9.75,10.0,10.0,9.0,10.0,9.0,9.0,9.0,10.0,LTU
Lithuania,2019,1.0,8.0,10.0,10.0,9.75,9.75,10.0,10.0,9.0,10.0,9.0,9.0,9.0,10.0,LTU
Madagascar,2005,3.0,2.0,9.0,6.0,6.75,9.0,7.0,6.0,7.0,9.0,4.0,6.0,8.0,10.0,MDG
Madagascar,2007,3.0,3.0,9.0,5.0,6.25,8.5,8.0,5.0,8.0,8.0,3.0,6.0,7.0,9.0,MDG
Madagascar,2009,6.0,2.0,9.0,5.0,5.5,5.75,6.0,6.0,6.0,6.0,3.0,5.0,6.0,5.0,MDG
Madagascar,2011,6.0,2.0,9.0,4.0,4.5,3.5,3.0,4.0,5.0,2.0,4.0,4.0,5.0,5.0,MDG
Madagascar,2013,6.0,2.0,9.0,3.0,3.75,3.5,3.0,4.0,4.0,2.0,4.0,4.0,4.0,6.0,MDG
Madagascar,2015,5.0,2.0,9.0,4.0,4.25,5.75,5.0,4.0,4.0,7.0,4.0,5.0,5.0,5.0,MDG
Madagascar,2017,5.0,2.0,8.0,4.0,4.25,5.5,5.0,4.0,4.0,6.0,4.0,5.0,5.0,5.0,MDG
Madagascar,2019,5.0,2.0,8.0,4.0,4.25,5.75,5.0,4.0,4.0,7.0,4.0,5.0,5.0,5.0,MDG
Malawi,2005,2.0,1.0,8.0,8.0,6.25,6.5,6.0,6.0,6.0,7.0,2.0,4.0,7.0,7.0,MWI
Malawi,2007,5.0,1.0,9.0,7.0,6.0,7.25,7.0,6.0,6.0,6.0,3.0,5.0,6.0,8.0,MWI
Malawi,2009,5.0,2.0,9.0,5.0,5.75,6.75,6.0,6.0,7.0,6.0,4.0,4.0,6.0,7.0,MWI
Malawi,2011,5.0,2.0,9.0,5.0,5.75,6.5,6.0,6.0,6.0,6.0,5.0,5.0,6.0,6.0,MWI
Malawi,2013,4.0,3.0,10.0,7.0,6.25,7.25,7.0,6.0,7.0,6.0,5.0,7.0,6.0,8.0,MWI
Malawi,2015,4.0,2.0,8.0,7.0,6.0,7.25,7.0,6.0,7.0,6.0,5.0,5.0,6.0,8.0,MWI
Malawi,2017,4.0,2.0,8.0,6.0,5.75,7.25,7.0,6.0,7.0,6.0,5.0,5.0,6.0,8.0,MWI
Malawi,2019,5.0,2.0,8.0,5.0,5.5,7.25,6.0,7.0,7.0,7.0,5.0,6.0,6.0,8.0,MWI
Malaysia (1966-),2005,4.0,7.0,9.0,4.0,5.25,4.25,2.0,5.0,5.0,5.0,7.0,5.0,6.0,5.0,MYS
Malaysia (1966-),2007,4.0,7.0,9.0,4.0,5.5,4.5,2.0,5.0,6.0,5.0,7.0,5.0,7.0,5.0,MYS
Malaysia (1966-),2009,5.0,7.0,9.0,5.0,5.5,4.25,2.0,5.0,5.0,5.0,7.0,5.0,6.0,5.0,MYS
Malaysia (1966-),2011,5.0,7.0,9.0,4.0,5.25,4.25,2.0,5.0,5.0,5.0,7.0,5.0,6.0,5.0,MYS
Malaysia (1966-),2013,5.0,7.0,9.0,5.0,5.5,4.0,3.0,5.0,5.0,5.0,7.0,5.0,6.0,4.0,MYS
Malaysia (1966-),2015,5.0,7.0,9.0,4.0,4.75,3.75,3.0,4.0,4.0,4.0,7.0,5.0,5.0,4.0,MYS
Malaysia (1966-),2017,5.0,7.0,8.0,3.0,4.0,3.75,3.0,4.0,4.0,4.0,6.0,5.0,5.0,4.0,MYS
Malaysia (1966-),2019,5.0,7.0,8.0,5.0,5.5,5.5,5.0,5.0,6.0,6.0,6.0,6.0,6.0,5.0,MYS
Mali,2005,2.0,1.0,9.0,6.0,5.75,9.0,7.0,5.0,9.0,9.0,5.0,7.0,8.0,10.0,MLI
Mali,2007,4.0,2.0,9.0,6.0,5.75,9.0,7.0,5.0,9.0,9.0,4.0,7.0,8.0,10.0,MLI
Mali,2009,6.0,1.0,9.0,6.0,5.75,8.5,7.0,5.0,8.0,9.0,4.0,7.0,8.0,9.0,MLI
Mali,2011,5.0,1.0,9.0,5.0,5.5,8.5,7.0,5.0,8.0,9.0,4.0,7.0,8.0,9.0,MLI
Mali,2013,9.0,1.0,5.0,3.0,3.5,4.5,3.0,4.0,5.0,3.0,3.0,5.0,4.0,7.0,MLI
Mali,2015,6.0,1.0,6.0,4.0,4.75,7.0,6.0,5.0,7.0,7.0,4.0,6.0,6.0,8.0,MLI
Mali,2017,6.0,1.0,7.0,4.0,4.75,7.25,6.0,5.0,7.0,7.0,4.0,5.0,6.0,8.0,MLI
Mali,2019,7.0,1.0,7.0,4.0,4.5,6.75,6.0,4.0,6.0,7.0,4.0,5.0,6.0,7.0,MLI
Mauritania,2007,5.0,3.0,6.0,3.0,4.0,5.75,3.0,4.0,8.0,6.0,3.0,6.0,6.0,6.0,MRT
Mauritania,2009,6.0,3.0,6.0,3.0,3.5,3.75,2.0,3.0,6.0,2.0,3.0,4.0,5.0,6.0,MRT
Mauritania,2011,6.0,3.0,6.0,4.0,4.5,5.5,3.0,4.0,7.0,5.0,3.0,5.0,6.0,8.0,MRT
Mauritania,2013,6.0,3.0,6.0,4.0,4.5,4.75,3.0,4.0,7.0,3.0,3.0,4.0,6.0,7.0,MRT
Mauritania,2015,5.0,3.0,6.0,3.0,4.0,4.5,3.0,4.0,7.0,3.0,3.0,4.0,5.0,6.0,MRT
Mauritania,2017,5.0,3.0,6.0,3.0,4.0,4.25,3.0,4.0,6.0,3.0,3.0,4.0,5.0,6.0,MRT
Mauritania,2019,5.0,3.0,6.0,3.0,4.0,4.25,3.0,4.0,6.0,3.0,3.0,4.0,5.0,6.0,MRT
Mauritius,2005,3.0,6.0,9.0,9.0,7.75,9.0,10.0,7.0,9.0,10.0,5.0,8.0,7.0,9.0,MUS
Mauritius,2007,3.0,8.0,10.0,9.0,8.0,9.75,9.0,8.0,9.0,10.0,6.0,7.0,8.0,10.0,MUS
Mauritius,2009,3.0,7.0,9.0,9.0,8.25,8.75,9.0,8.0,9.0,9.0,6.0,6.0,8.0,9.0,MUS
Mauritius,2011,3.0,7.0,9.0,9.0,8.0,8.75,9.0,8.0,8.0,9.0,6.0,8.0,8.0,8.0,MUS
Mauritius,2013,2.0,7.0,9.0,9.0,8.0,9.0,9.0,8.0,8.0,9.0,6.0,7.0,8.0,9.0,MUS
Mauritius,2015,2.0,7.0,9.0,9.0,8.25,8.75,9.0,9.0,7.0,9.0,6.0,7.0,8.0,9.0,MUS
Mauritius,2017,2.0,7.0,9.0,9.0,8.25,8.75,9.0,9.0,7.0,9.0,6.0,7.0,8.0,9.0,MUS
Mauritius,2019,1.0,6.0,9.0,9.0,8.25,8.75,9.0,9.0,7.0,9.0,6.0,7.0,8.0,9.0,MUS
Mexico,2005,4.0,6.0,8.0,9.0,6.5,8.5,7.0,6.0,7.0,10.0,5.0,6.0,6.0,8.0,MEX
Mexico,2007,5.0,6.0,9.0,9.0,6.5,8.0,7.0,6.0,7.0,8.0,5.0,5.0,6.0,8.0,MEX
Mexico,2009,5.0,6.0,9.0,9.0,6.25,7.75,7.0,5.0,7.0,9.0,5.0,5.0,6.0,8.0,MEX
Mexico,2011,5.0,6.0,9.0,8.0,5.75,7.25,7.0,5.0,6.0,8.0,5.0,5.0,6.0,8.0,MEX
Mexico,2013,7.0,6.0,8.0,8.0,5.75,7.0,7.0,5.0,6.0,7.0,5.0,5.0,6.0,8.0,MEX
Mexico,2015,7.0,6.0,8.0,7.0,5.0,6.5,6.0,5.0,6.0,7.0,5.0,5.0,4.0,7.0,MEX
Mexico,2017,7.0,6.0,8.0,7.0,5.0,6.25,6.0,5.0,5.0,7.0,5.0,5.0,4.0,7.0,MEX
Mexico,2019,7.0,6.0,8.0,7.0,5.0,6.25,6.0,5.0,5.0,7.0,5.0,5.0,4.0,7.0,MEX
Mongolia,2005,1.0,3.0,10.0,8.0,6.25,6.75,7.0,6.0,6.0,6.0,5.0,6.0,6.0,8.0,MNG
Mongolia,2007,2.0,3.0,10.0,7.0,6.0,7.0,7.0,6.0,6.0,7.0,5.0,6.0,7.0,8.0,MNG
Mongolia,2009,3.0,3.0,10.0,7.0,5.75,6.75,7.0,6.0,6.0,6.0,5.0,6.0,6.0,8.0,MNG
Mongolia,2011,3.0,3.0,10.0,7.0,6.0,6.75,7.0,6.0,6.0,6.0,5.0,6.0,7.0,8.0,MNG
Mongolia,2013,3.0,3.0,10.0,7.0,6.25,7.25,7.0,6.0,6.0,8.0,6.0,6.0,7.0,8.0,MNG
Mongolia,2015,3.0,5.0,10.0,7.0,6.25,7.5,7.0,6.0,6.0,8.0,6.0,6.0,7.0,9.0,MNG
Mongolia,2017,3.0,5.0,10.0,7.0,6.25,7.75,7.0,6.0,7.0,8.0,6.0,7.0,7.0,9.0,MNG
Mongolia,2019,2.0,5.0,10.0,7.0,6.25,7.75,7.0,6.0,7.0,8.0,6.0,7.0,7.0,9.0,MNG
Moldova,2005,5.0,3.0,8.0,4.0,4.75,6.75,4.0,4.0,6.0,7.0,4.0,3.0,7.0,7.0,MDA
Moldova,2007,5.0,3.0,9.0,5.0,6.0,7.5,7.0,6.0,7.0,8.0,4.0,6.0,7.0,8.0,MDA
Moldova,2009,5.0,3.0,8.0,5.0,5.75,6.5,7.0,6.0,6.0,6.0,4.0,6.0,6.0,7.0,MDA
Moldova,2011,5.0,3.0,8.0,6.0,6.25,7.0,7.0,6.0,7.0,7.0,5.0,8.0,7.0,7.0,MDA
Moldova,2013,4.0,3.0,8.0,7.0,6.5,7.25,7.0,6.0,7.0,8.0,5.0,8.0,7.0,7.0,MDA
Moldova,2015,4.0,4.0,8.0,7.0,6.5,6.75,6.0,6.0,7.0,6.0,6.0,7.0,7.0,8.0,MDA
Moldova,2017,4.0,4.0,8.0,5.0,5.5,6.25,6.0,5.0,6.0,6.0,6.0,7.0,7.0,8.0,MDA
Moldova,2019,4.0,4.0,7.0,4.0,4.5,6.0,6.0,4.0,6.0,6.0,6.0,6.0,6.0,7.0,MDA
Montenegro,2007,2.0,6.0,9.0,8.0,6.75,8.5,7.0,6.0,7.0,9.0,7.0,6.0,8.0,9.0,MNE
Montenegro,2009,2.0,6.0,8.0,7.0,6.5,8.75,7.0,6.0,7.0,9.0,7.0,6.0,8.0,10.0,MNE
Montenegro,2011,2.0,6.0,8.0,7.0,6.5,8.0,7.0,6.0,6.0,8.0,7.0,6.0,8.0,9.0,MNE
Montenegro,2013,2.0,7.0,8.0,7.0,6.75,8.0,8.0,6.0,6.0,8.0,7.0,7.0,8.0,9.0,MNE
Montenegro,2015,2.0,7.0,8.0,7.0,7.0,7.75,8.0,7.0,6.0,7.0,7.0,7.0,8.0,9.0,MNE
Montenegro,2017,3.0,7.0,8.0,7.0,7.0,7.5,7.0,7.0,6.0,7.0,7.0,7.0,8.0,8.0,MNE
Montenegro,2019,3.0,7.0,8.0,6.0,6.75,7.25,7.0,7.0,6.0,6.0,7.0,7.0,8.0,8.0,MNE
Morocco,2005,4.0,3.0,9.0,4.0,4.75,4.25,2.0,4.0,5.0,4.0,4.0,5.0,6.0,6.0,MAR
Morocco,2007,4.0,3.0,9.0,3.0,4.0,4.25,2.0,3.0,5.0,5.0,4.0,5.0,6.0,5.0,MAR
Morocco,2009,4.0,3.0,7.0,3.0,4.0,3.5,2.0,3.0,5.0,3.0,4.0,4.0,6.0,4.0,MAR
Morocco,2011,3.0,3.0,7.0,2.0,3.5,3.25,2.0,2.0,4.0,3.0,4.0,5.0,6.0,4.0,MAR
Morocco,2013,4.0,3.0,7.0,2.0,3.75,3.5,2.0,3.0,4.0,4.0,4.0,5.0,6.0,4.0,MAR
Morocco,2015,4.0,3.0,7.0,2.0,3.25,3.5,2.0,2.0,4.0,4.0,5.0,4.0,5.0,4.0,MAR
Morocco,2017,4.0,3.0,7.0,2.0,3.25,3.0,2.0,2.0,3.0,3.0,4.0,4.0,5.0,4.0,MAR
Morocco,2019,4.0,3.0,7.0,2.0,3.25,2.75,2.0,2.0,3.0,3.0,4.0,3.0,5.0,3.0,MAR
Mozambique,2005,4.0,3.0,10.0,5.0,5.75,8.0,6.0,6.0,7.0,7.0,3.0,7.0,7.0,9.0,MOZ
Mozambique,2007,2.0,2.0,9.0,4.0,4.75,7.5,6.0,4.0,7.0,8.0,3.0,4.0,6.0,7.0,MOZ
Mozambique,2009,4.0,3.0,9.0,5.0,5.25,7.0,6.0,6.0,6.0,7.0,4.0,5.0,6.0,7.0,MOZ
Mozambique,2011,4.0,3.0,9.0,4.0,4.75,7.0,6.0,5.0,7.0,7.0,4.0,5.0,6.0,7.0,MOZ
Mozambique,2013,4.0,2.0,9.0,4.0,4.5,7.0,6.0,4.0,7.0,7.0,5.0,5.0,6.0,7.0,MOZ
Mozambique,2015,5.0,2.0,9.0,4.0,4.25,6.25,6.0,4.0,6.0,7.0,4.0,4.0,5.0,6.0,MOZ
Mozambique,2017,7.0,2.0,9.0,3.0,3.0,4.75,3.0,3.0,5.0,6.0,4.0,4.0,3.0,5.0,MOZ
Mozambique,2019,5.0,1.0,9.0,3.0,3.0,4.75,3.0,3.0,4.0,6.0,4.0,5.0,3.0,4.0,MOZ
Oman,2007,1.0,7.0,8.0,3.0,4.25,2.75,1.0,5.0,4.0,2.0,7.0,4.0,5.0,4.0,OMN
Oman,2009,1.0,7.0,9.0,2.0,4.0,3.0,2.0,5.0,4.0,3.0,7.0,3.0,5.0,4.0,OMN
Oman,2011,1.0,7.0,9.0,1.0,3.5,3.0,2.0,4.0,4.0,3.0,7.0,3.0,5.0,4.0,OMN
Oman,2013,1.0,6.0,8.0,1.0,2.5,2.0,2.0,3.0,2.0,3.0,7.0,2.0,3.0,2.0,OMN
Oman,2015,1.0,6.0,8.0,2.0,2.25,1.75,2.0,2.0,2.0,2.0,6.0,2.0,3.0,2.0,OMN
Oman,2017,2.0,5.0,7.0,1.0,2.0,1.5,2.0,2.0,1.0,2.0,6.0,2.0,3.0,2.0,OMN
Oman,2019,3.0,5.0,7.0,1.0,1.75,1.5,2.0,2.0,1.0,2.0,5.0,2.0,2.0,2.0,OMN
Namibia,2005,4.0,4.0,9.0,8.0,7.75,9.0,6.0,9.0,9.0,9.0,7.0,5.0,8.0,9.0,NAM
Namibia,2007,4.0,4.0,9.0,9.0,7.5,9.0,8.0,8.0,9.0,8.0,5.0,5.0,7.0,9.0,NAM
Namibia,2009,5.0,3.0,10.0,7.0,7.25,7.75,8.0,8.0,8.0,7.0,6.0,5.0,7.0,8.0,NAM
Namibia,2011,4.0,3.0,9.0,7.0,7.25,8.5,8.0,9.0,9.0,7.0,6.0,5.0,7.0,9.0,NAM
Namibia,2013,4.0,3.0,9.0,7.0,7.25,8.75,7.0,9.0,9.0,8.0,6.0,5.0,7.0,8.0,NAM
Namibia,2015,4.0,3.0,9.0,7.0,7.25,8.5,7.0,9.0,8.0,9.0,6.0,5.0,7.0,8.0,NAM
Namibia,2017,4.0,3.0,8.0,6.0,6.75,8.5,7.0,9.0,8.0,9.0,5.0,5.0,7.0,8.0,NAM
Namibia,2019,4.0,3.0,8.0,6.0,6.75,8.5,7.0,9.0,8.0,9.0,6.0,5.0,7.0,8.0,NAM
Nepal,2005,9.0,4.0,6.0,3.0,3.75,3.5,2.0,5.0,6.0,1.0,3.0,4.0,4.0,6.0,NPL
Nepal,2007,8.0,3.0,6.0,5.0,4.0,3.5,2.0,3.0,6.0,1.0,3.0,5.0,4.0,6.0,NPL
Nepal,2009,7.0,2.0,7.0,6.0,5.0,6.5,5.0,6.0,6.0,7.0,3.0,3.0,5.0,7.0,NPL
Nepal,2011,7.0,2.0,7.0,5.0,4.25,6.25,4.0,5.0,6.0,7.0,3.0,3.0,4.0,7.0,NPL
Nepal,2013,6.0,2.0,6.0,5.0,4.5,5.5,3.0,5.0,7.0,5.0,3.0,5.0,4.0,7.0,NPL
Nepal,2015,6.0,2.0,6.0,5.0,4.25,6.75,5.0,5.0,7.0,7.0,3.0,5.0,4.0,7.0,NPL
Nepal,2017,6.0,2.0,5.0,5.0,4.25,6.25,5.0,5.0,7.0,7.0,3.0,4.0,4.0,6.0,NPL
Nepal,2019,6.0,3.0,6.0,5.0,5.0,7.0,6.0,6.0,8.0,8.0,4.0,4.0,5.0,7.0,NPL
Nicaragua,2005,4.0,3.0,9.0,6.0,5.0,7.75,6.0,4.0,7.0,8.0,4.0,5.0,6.0,8.0,NIC
Nicaragua,2007,3.0,3.0,9.0,6.0,5.0,8.25,6.0,3.0,8.0,9.0,4.0,6.0,7.0,8.0,NIC
Nicaragua,2009,4.0,3.0,9.0,4.0,4.5,7.0,4.0,3.0,7.0,6.0,4.0,4.0,7.0,7.0,NIC
Nicaragua,2011,4.0,3.0,8.0,4.0,4.0,7.0,4.0,3.0,7.0,6.0,4.0,4.0,6.0,7.0,NIC
Nicaragua,2013,4.0,3.0,8.0,4.0,4.0,7.0,4.0,3.0,7.0,6.0,4.0,4.0,6.0,7.0,NIC
Nicaragua,2015,4.0,3.0,8.0,4.0,4.0,7.0,4.0,3.0,7.0,6.0,5.0,4.0,6.0,7.0,NIC
Nicaragua,2017,4.0,3.0,8.0,3.0,3.75,5.0,3.0,3.0,6.0,5.0,5.0,4.0,6.0,6.0,NIC
Nicaragua,2019,6.0,3.0,8.0,2.0,2.5,3.5,2.0,2.0,4.0,5.0,5.0,1.0,3.0,2.0,NIC
Niger,2005,5.0,1.0,9.0,8.0,6.25,7.5,7.0,5.0,5.0,9.0,2.0,4.0,7.0,8.0,NER
Niger,2007,3.0,1.0,9.0,8.0,6.0,7.25,6.0,5.0,5.0,9.0,2.0,6.0,6.0,7.0,NER
Niger,2009,6.0,1.0,9.0,7.0,5.75,5.5,3.0,5.0,3.0,9.0,3.0,6.0,6.0,7.0,NER
Niger,2011,5.0,1.0,9.0,7.0,5.75,8.75,7.0,5.0,9.0,9.0,3.0,6.0,6.0,9.0,NER
Niger,2013,5.0,1.0,8.0,8.0,6.0,8.5,7.0,5.0,9.0,9.0,3.0,6.0,6.0,9.0,NER
Niger,2015,5.0,1.0,8.0,8.0,6.0,8.25,7.0,5.0,8.0,9.0,3.0,6.0,6.0,9.0,NER
Niger,2017,5.0,1.0,8.0,8.0,6.0,7.0,7.0,5.0,7.0,7.0,3.0,5.0,6.0,7.0,NER
Niger,2019,5.0,1.0,8.0,7.0,5.5,6.75,6.0,5.0,7.0,7.0,3.0,3.0,6.0,6.0,NER
Nigeria,2005,8.0,2.0,8.0,6.0,5.25,6.25,7.0,5.0,7.0,6.0,4.0,5.0,6.0,7.0,NGA
Nigeria,2007,8.0,2.0,8.0,6.0,5.5,6.5,6.0,6.0,7.0,6.0,4.0,4.0,5.0,8.0,NGA
Nigeria,2009,8.0,2.0,8.0,6.0,5.25,5.25,2.0,6.0,6.0,5.0,4.0,4.0,5.0,8.0,NGA
Nigeria,2011,8.0,2.0,8.0,7.0,5.75,5.5,3.0,7.0,7.0,5.0,4.0,5.0,4.0,8.0,NGA
Nigeria,2013,8.0,2.0,8.0,7.0,5.75,7.0,5.0,7.0,7.0,7.0,4.0,4.0,4.0,8.0,NGA
Nigeria,2015,9.0,2.0,8.0,7.0,5.5,6.5,6.0,7.0,6.0,7.0,4.0,4.0,4.0,7.0,NGA
Nigeria,2017,9.0,2.0,8.0,6.0,5.25,6.5,5.0,7.0,6.0,7.0,4.0,5.0,4.0,7.0,NGA
Nigeria,2019,9.0,2.0,8.0,6.0,5.25,6.75,5.0,7.0,6.0,7.0,4.0,4.0,4.0,7.0,NGA
Pakistan (1971-),2005,7.0,4.0,6.0,4.0,4.0,4.0,2.0,3.0,5.0,4.0,4.0,3.0,4.0,5.0,PAK
Pakistan (1971-),2007,7.0,4.0,6.0,4.0,3.75,3.75,2.0,3.0,5.0,4.0,3.0,4.0,4.0,5.0,PAK
Pakistan (1971-),2009,9.0,3.0,6.0,3.0,3.25,4.75,2.0,4.0,6.0,6.0,3.0,3.0,3.0,5.0,PAK
Pakistan (1971-),2011,9.0,3.0,5.0,3.0,2.75,4.5,3.0,3.0,5.0,6.0,3.0,3.0,2.0,5.0,PAK
Pakistan (1971-),2013,9.0,3.0,5.0,4.0,3.0,4.25,3.0,3.0,4.0,6.0,3.0,3.0,2.0,5.0,PAK
Pakistan (1971-),2015,9.0,3.0,5.0,4.0,3.25,4.25,3.0,3.0,3.0,6.0,3.0,3.0,3.0,5.0,PAK
Pakistan (1971-),2017,9.0,3.0,5.0,4.0,3.25,4.0,3.0,3.0,3.0,6.0,3.0,3.0,2.0,4.0,PAK
Pakistan (1971-),2019,8.0,3.0,5.0,4.0,3.25,4.0,3.0,3.0,3.0,6.0,3.0,4.0,3.0,4.0,PAK
Panama,2005,4.0,6.0,10.0,8.0,6.0,8.0,8.0,5.0,7.0,10.0,6.0,4.0,7.0,8.0,PAN
Panama,2007,3.0,6.0,10.0,8.0,6.25,8.5,8.0,5.0,8.0,10.0,6.0,4.0,8.0,8.0,PAN
Panama,2009,2.0,6.0,10.0,7.0,6.25,8.75,8.0,5.0,8.0,10.0,6.0,5.0,8.0,9.0,PAN
Panama,2011,3.0,5.0,10.0,7.0,6.0,8.25,8.0,5.0,7.0,9.0,6.0,4.0,7.0,8.0,PAN
Panama,2013,3.0,5.0,10.0,6.0,5.5,8.0,7.0,5.0,7.0,8.0,6.0,4.0,7.0,8.0,PAN
Panama,2015,3.0,5.0,10.0,7.0,6.0,8.0,8.0,5.0,7.0,8.0,6.0,5.0,7.0,8.0,PAN
Panama,2017,3.0,5.0,10.0,7.0,6.0,7.75,7.0,5.0,7.0,8.0,6.0,5.0,7.0,8.0,PAN
Panama,2019,3.0,5.0,9.0,7.0,6.0,7.75,7.0,5.0,7.0,8.0,5.0,6.0,7.0,8.0,PAN
Papua New Guinea,2005,6.0,4.0,8.0,8.0,6.25,8.0,3.0,7.0,10.0,7.0,4.0,4.0,5.0,10.0,PNG
Papua New Guinea,2007,6.0,4.0,8.0,7.0,5.75,8.0,4.0,7.0,10.0,7.0,4.0,5.0,6.0,10.0,PNG
Papua New Guinea,2009,6.0,4.0,8.0,8.0,6.5,8.0,4.0,8.0,10.0,7.0,4.0,5.0,6.0,10.0,PNG
Papua New Guinea,2011,6.0,4.0,8.0,7.0,6.25,8.0,3.0,8.0,10.0,7.0,4.0,5.0,6.0,10.0,PNG
Papua New Guinea,2013,7.0,4.0,8.0,6.0,5.5,7.25,4.0,7.0,9.0,6.0,4.0,4.0,5.0,10.0,PNG
Papua New Guinea,2015,7.0,3.0,8.0,6.0,5.5,7.5,4.0,7.0,9.0,6.0,3.0,4.0,5.0,10.0,PNG
Papua New Guinea,2017,6.0,3.0,8.0,6.0,5.75,7.75,6.0,7.0,8.0,6.0,4.0,5.0,6.0,9.0,PNG
Papua New Guinea,2019,6.0,3.0,8.0,6.0,5.75,7.5,5.0,7.0,8.0,6.0,4.0,5.0,6.0,9.0,PNG
Paraguay,2005,3.0,4.0,10.0,8.0,5.25,7.25,7.0,5.0,6.0,8.0,4.0,4.0,6.0,8.0,PRY
Paraguay,2007,3.0,4.0,9.0,8.0,5.75,7.5,7.0,5.0,7.0,7.0,4.0,5.0,6.0,8.0,PRY
Paraguay,2009,4.0,4.0,9.0,9.0,6.25,7.75,7.0,5.0,7.0,8.0,4.0,7.0,7.0,8.0,PRY
Paraguay,2011,4.0,4.0,9.0,9.0,6.25,7.5,7.0,5.0,7.0,8.0,4.0,8.0,7.0,8.0,PRY
Paraguay,2013,5.0,4.0,9.0,6.0,5.5,7.25,6.0,5.0,6.0,8.0,4.0,6.0,7.0,8.0,PRY
Paraguay,2015,4.0,4.0,9.0,7.0,5.75,7.5,6.0,5.0,6.0,8.0,5.0,5.0,7.0,8.0,PRY
Paraguay,2017,4.0,4.0,9.0,7.0,5.5,7.5,6.0,5.0,6.0,8.0,5.0,5.0,6.0,8.0,PRY
Paraguay,2019,4.0,4.0,9.0,8.0,5.75,7.5,6.0,5.0,6.0,8.0,5.0,5.0,6.0,8.0,PRY
Peru,2005,5.0,4.0,9.0,7.0,6.25,8.5,6.0,6.0,8.0,9.0,5.0,6.0,6.0,9.0,PER
Peru,2007,5.0,4.0,9.0,7.0,6.25,8.0,6.0,6.0,8.0,8.0,5.0,5.0,6.0,8.0,PER
Peru,2009,4.0,4.0,9.0,7.0,6.25,7.75,7.0,6.0,8.0,8.0,5.0,5.0,6.0,8.0,PER
Peru,2011,5.0,5.0,9.0,6.0,6.0,8.0,7.0,6.0,8.0,9.0,5.0,5.0,6.0,8.0,PER
Peru,2013,5.0,5.0,9.0,7.0,6.25,8.0,7.0,6.0,8.0,9.0,5.0,6.0,6.0,8.0,PER
Peru,2015,5.0,5.0,9.0,7.0,6.25,7.75,6.0,6.0,8.0,8.0,5.0,5.0,6.0,8.0,PER
Peru,2017,5.0,5.0,9.0,8.0,6.5,7.75,6.0,6.0,8.0,7.0,5.0,6.0,6.0,8.0,PER
Peru,2019,5.0,5.0,9.0,7.0,6.25,8.0,6.0,6.0,8.0,8.0,5.0,6.0,6.0,8.0,PER
Philippines,2005,6.0,5.0,7.0,9.0,6.5,8.0,7.0,7.0,8.0,7.0,5.0,6.0,6.0,10.0,PHL
Philippines,2007,6.0,5.0,7.0,9.0,6.5,6.25,6.0,7.0,6.0,6.0,4.0,5.0,6.0,7.0,PHL
Philippines,2009,6.0,5.0,7.0,7.0,5.75,5.5,6.0,7.0,5.0,6.0,7.0,4.0,4.0,6.0,PHL
Philippines,2011,6.0,5.0,7.0,7.0,6.0,6.75,7.0,7.0,5.0,7.0,7.0,5.0,5.0,9.0,PHL
Philippines,2013,6.0,5.0,7.0,7.0,6.5,7.0,7.0,7.0,6.0,7.0,6.0,6.0,6.0,9.0,PHL
Philippines,2015,6.0,5.0,7.0,6.0,6.0,7.0,7.0,7.0,6.0,7.0,6.0,6.0,6.0,9.0,PHL
Philippines,2017,6.0,5.0,7.0,6.0,5.5,6.75,7.0,7.0,6.0,7.0,7.0,5.0,4.0,8.0,PHL
Philippines,2019,6.0,5.0,7.0,5.0,4.75,6.25,6.0,6.0,5.0,7.0,7.0,5.0,4.0,7.0,PHL
Poland,2005,2.0,8.0,10.0,10.0,9.25,9.75,9.0,9.0,9.0,10.0,8.0,8.0,10.0,10.0,POL
Poland,2007,3.0,9.0,10.0,9.0,8.75,9.5,8.0,9.0,8.0,10.0,8.0,5.0,9.0,10.0,POL
Poland,2009,2.0,8.0,10.0,9.0,8.75,9.75,9.0,9.0,9.0,10.0,8.0,7.0,9.0,10.0,POL
Poland,2011,2.0,8.0,10.0,10.0,9.25,9.75,10.0,9.0,9.0,10.0,8.0,8.0,10.0,10.0,POL
Poland,2013,2.0,8.0,10.0,10.0,9.25,9.75,10.0,9.0,9.0,10.0,8.0,8.0,10.0,10.0,POL
Poland,2015,2.0,8.0,10.0,10.0,9.25,10.0,10.0,9.0,10.0,10.0,9.0,8.0,9.0,10.0,POL
Poland,2017,2.0,8.0,10.0,8.0,8.0,9.25,8.0,7.0,8.0,10.0,8.0,7.0,9.0,9.0,POL
Poland,2019,3.0,8.0,10.0,6.0,6.75,8.75,7.0,6.0,7.0,9.0,8.0,7.0,8.0,9.0,POL
Guinea-Bissau,2019,4.0,1.0,9.0,6.0,5.0,6.75,5.0,5.0,6.0,7.0,5.0,5.0,5.0,7.0,GNB
Timor-Leste,2019,2.0,3.0,10.0,7.0,7.0,8.5,7.0,8.0,8.0,9.0,5.0,6.0,7.0,9.0,TLS
Qatar,2009,3.0,9.0,7.0,3.0,4.5,3.75,2.0,4.0,7.0,3.0,6.0,3.0,7.0,4.0,QAT
Qatar,2011,2.0,9.0,7.0,2.0,4.0,3.5,2.0,4.0,7.0,2.0,6.0,4.0,6.0,4.0,QAT
Qatar,2013,2.0,9.0,7.0,2.0,4.0,3.0,2.0,4.0,6.0,2.0,6.0,5.0,6.0,3.0,QAT
Qatar,2015,2.0,8.0,7.0,2.0,3.75,2.75,2.0,3.0,5.0,2.0,6.0,4.0,6.0,3.0,QAT
Qatar,2017,2.0,8.0,7.0,2.0,3.75,2.25,2.0,3.0,4.0,2.0,6.0,3.0,6.0,2.0,QAT
Qatar,2019,2.0,8.0,8.0,2.0,3.75,2.25,2.0,3.0,4.0,2.0,6.0,3.0,6.0,2.0,QAT
Romania,2005,3.0,6.0,9.0,8.0,7.25,9.0,8.0,7.0,8.0,10.0,8.0,6.0,8.0,9.0,ROU
Romania,2007,3.0,7.0,9.0,9.0,8.25,9.25,8.0,8.0,8.0,10.0,8.0,7.0,9.0,10.0,ROU
Romania,2009,3.0,7.0,9.0,9.0,8.25,9.25,8.0,8.0,8.0,10.0,7.0,6.0,9.0,10.0,ROU
Romania,2011,3.0,7.0,9.0,9.0,8.25,9.0,8.0,8.0,8.0,9.0,7.0,6.0,9.0,10.0,ROU
Romania,2013,3.0,7.0,9.0,7.0,7.5,8.25,7.0,8.0,7.0,8.0,7.0,7.0,8.0,9.0,ROU
Romania,2015,3.0,7.0,9.0,8.0,8.25,8.25,8.0,9.0,7.0,8.0,7.0,7.0,8.0,9.0,ROU
Romania,2017,3.0,7.0,9.0,8.0,8.25,8.5,7.0,9.0,7.0,9.0,7.0,7.0,8.0,9.0,ROU
Romania,2019,3.0,7.0,9.0,6.0,6.75,8.0,7.0,7.0,7.0,9.0,7.0,5.0,8.0,8.0,ROU
Russia,2005,2.0,6.0,8.0,4.0,4.75,6.0,6.0,5.0,5.0,6.0,5.0,4.0,6.0,5.0,RUS
Russia,2007,4.0,6.0,8.0,4.0,4.25,5.0,6.0,4.0,4.0,6.0,5.0,3.0,5.0,4.0,RUS
Russia,2009,4.0,6.0,8.0,4.0,4.25,5.25,6.0,4.0,4.0,6.0,5.0,3.0,5.0,4.0,RUS
Russia,2011,4.0,6.0,8.0,4.0,4.25,5.25,6.0,4.0,4.0,6.0,5.0,3.0,5.0,4.0,RUS
Russia,2013,4.0,6.0,8.0,4.0,4.25,3.5,3.0,4.0,4.0,5.0,5.0,3.0,5.0,3.0,RUS
Russia,2015,4.0,7.0,9.0,3.0,4.0,3.5,3.0,4.0,4.0,4.0,6.0,2.0,5.0,3.0,RUS
Russia,2017,4.0,7.0,9.0,3.0,4.25,3.5,3.0,4.0,4.0,4.0,6.0,3.0,5.0,3.0,RUS
Russia,2019,4.0,7.0,9.0,3.0,4.0,3.5,3.0,4.0,4.0,4.0,6.0,3.0,5.0,3.0,RUS
Rwanda,2005,9.0,2.0,9.0,2.0,4.0,3.25,2.0,4.0,3.0,3.0,6.0,4.0,5.0,5.0,RWA
Rwanda,2007,7.0,2.0,5.0,4.0,3.0,3.25,2.0,2.0,3.0,4.0,4.0,3.0,3.0,4.0,RWA
Rwanda,2009,7.0,2.0,6.0,4.0,4.0,3.5,2.0,3.0,4.0,3.0,6.0,3.0,4.0,5.0,RWA
Rwanda,2011,7.0,2.0,6.0,4.0,4.0,2.75,2.0,3.0,3.0,2.0,6.0,3.0,4.0,4.0,RWA
Rwanda,2013,6.0,3.0,7.0,3.0,4.0,2.5,2.0,4.0,3.0,2.0,7.0,3.0,4.0,3.0,RWA
Rwanda,2015,6.0,3.0,7.0,3.0,3.75,2.5,2.0,4.0,3.0,2.0,7.0,3.0,3.0,3.0,RWA
Rwanda,2017,6.0,3.0,8.0,3.0,3.75,2.5,2.0,4.0,3.0,2.0,6.0,3.0,3.0,3.0,RWA
Rwanda,2019,6.0,3.0,9.0,3.0,3.75,2.5,2.0,4.0,3.0,2.0,6.0,3.0,4.0,3.0,RWA
Saudi Arabia,2005,4.0,4.0,6.0,1.0,2.25,1.5,1.0,2.0,2.0,1.0,3.0,3.0,3.0,2.0,SAU
Saudi Arabia,2007,4.0,5.0,6.0,2.0,3.0,1.5,1.0,4.0,2.0,1.0,2.0,2.0,3.0,2.0,SAU
Saudi Arabia,2009,4.0,5.0,6.0,2.0,3.25,1.75,1.0,4.0,3.0,1.0,4.0,3.0,4.0,2.0,SAU
Saudi Arabia,2011,4.0,4.0,6.0,1.0,3.25,1.5,1.0,4.0,2.0,1.0,3.0,3.0,4.0,2.0,SAU
Saudi Arabia,2013,4.0,4.0,6.0,1.0,3.0,1.5,1.0,4.0,2.0,1.0,3.0,3.0,3.0,2.0,SAU
Saudi Arabia,2015,4.0,5.0,6.0,1.0,2.25,1.5,1.0,2.0,2.0,1.0,3.0,2.0,2.0,2.0,SAU
Saudi Arabia,2017,4.0,5.0,6.0,1.0,2.25,1.5,1.0,2.0,2.0,1.0,3.0,2.0,2.0,2.0,SAU
Saudi Arabia,2019,4.0,6.0,6.0,1.0,2.25,1.25,1.0,2.0,1.0,1.0,3.0,2.0,2.0,2.0,SAU
Senegal,2005,3.0,2.0,9.0,6.0,6.75,9.0,7.0,6.0,9.0,9.0,6.0,6.0,9.0,9.0,SEN
Senegal,2007,5.0,2.0,9.0,6.0,6.0,8.25,7.0,6.0,7.0,8.0,4.0,7.0,7.0,9.0,SEN
Senegal,2009,6.0,2.0,8.0,5.0,5.25,7.5,6.0,6.0,7.0,7.0,4.0,6.0,6.0,8.0,SEN
Senegal,2011,6.0,2.0,9.0,5.0,5.25,7.75,6.0,6.0,8.0,7.0,5.0,5.0,6.0,8.0,SEN
Senegal,2013,5.0,2.0,9.0,6.0,6.5,8.5,7.0,7.0,9.0,8.0,5.0,7.0,7.0,9.0,SEN
Senegal,2015,4.0,2.0,9.0,6.0,6.5,8.0,7.0,6.0,8.0,8.0,5.0,7.0,7.0,8.0,SEN
Senegal,2017,4.0,2.0,9.0,6.0,6.25,8.0,7.0,6.0,8.0,8.0,5.0,7.0,7.0,8.0,SEN
Senegal,2019,4.0,2.0,9.0,6.0,6.0,7.5,7.0,6.0,7.0,7.0,5.0,7.0,6.0,8.0,SEN
Serbia,2007,4.0,6.0,8.0,8.0,7.0,8.75,7.0,6.0,8.0,9.0,7.0,5.0,7.0,9.0,SRB
Serbia,2009,4.0,6.0,9.0,8.0,6.75,8.5,7.0,6.0,7.0,9.0,7.0,6.0,7.0,9.0,SRB
Serbia,2011,3.0,6.0,9.0,8.0,7.0,8.5,7.0,6.0,7.0,9.0,7.0,7.0,8.0,9.0,SRB
Serbia,2013,3.0,6.0,9.0,8.0,7.25,8.25,7.0,6.0,6.0,9.0,7.0,7.0,8.0,9.0,SRB
Serbia,2015,3.0,6.0,9.0,7.0,7.25,8.5,7.0,7.0,7.0,9.0,7.0,7.0,8.0,9.0,SRB
Serbia,2017,3.0,6.0,9.0,7.0,6.75,8.25,7.0,6.0,7.0,8.0,7.0,7.0,8.0,9.0,SRB
Serbia,2019,4.0,6.0,9.0,5.0,6.0,7.0,6.0,6.0,6.0,6.0,7.0,5.0,8.0,8.0,SRB
Sierra Leone,2005,4.0,1.0,9.0,4.0,4.75,7.5,5.0,4.0,6.0,9.0,3.0,5.0,7.0,8.0,SLE
Sierra Leone,2007,5.0,1.0,8.0,4.0,4.5,7.25,5.0,6.0,6.0,9.0,2.0,4.0,5.0,7.0,SLE
Sierra Leone,2009,5.0,1.0,8.0,5.0,5.0,7.25,6.0,5.0,6.0,8.0,2.0,4.0,6.0,8.0,SLE
Sierra Leone,2011,5.0,1.0,8.0,5.0,5.0,7.0,6.0,5.0,6.0,8.0,2.0,4.0,6.0,7.0,SLE
Sierra Leone,2013,4.0,1.0,8.0,5.0,5.5,7.25,6.0,5.0,7.0,8.0,2.0,5.0,7.0,7.0,SLE
Sierra Leone,2015,4.0,1.0,8.0,5.0,5.5,7.25,6.0,5.0,6.0,8.0,3.0,5.0,7.0,8.0,SLE
Sierra Leone,2017,4.0,1.0,8.0,4.0,4.75,6.75,6.0,5.0,6.0,8.0,3.0,5.0,6.0,6.0,SLE
Sierra Leone,2019,4.0,1.0,8.0,5.0,4.75,6.75,6.0,4.0,6.0,8.0,3.0,5.0,6.0,6.0,SLE
Singapore,2005,2.0,9.0,10.0,4.0,6.0,3.75,2.0,5.0,4.0,5.0,8.0,4.0,6.0,4.0,SGP
Singapore,2007,2.0,10.0,10.0,4.0,6.25,3.25,2.0,5.0,3.0,5.0,8.0,5.0,6.0,3.0,SGP
Singapore,2009,2.0,9.0,10.0,4.0,6.25,3.25,2.0,5.0,3.0,5.0,8.0,5.0,6.0,3.0,SGP
Singapore,2011,2.0,9.0,10.0,4.0,6.0,3.25,2.0,4.0,3.0,5.0,8.0,5.0,6.0,3.0,SGP
Singapore,2013,2.0,9.0,10.0,4.0,6.0,3.25,3.0,5.0,3.0,5.0,8.0,5.0,6.0,3.0,SGP
Singapore,2015,3.0,9.0,10.0,3.0,5.75,3.25,3.0,5.0,3.0,5.0,8.0,5.0,6.0,3.0,SGP
Singapore,2017,3.0,9.0,10.0,3.0,5.75,3.5,3.0,5.0,3.0,5.0,8.0,5.0,6.0,3.0,SGP
Singapore,2019,3.0,9.0,10.0,3.0,5.75,3.5,2.0,5.0,3.0,5.0,8.0,5.0,6.0,3.0,SGP
Slovakia,2005,2.0,9.0,10.0,10.0,9.0,10.0,9.0,9.0,10.0,10.0,8.0,9.0,9.0,10.0,SVK
Slovakia,2007,3.0,9.0,10.0,10.0,9.25,10.0,9.0,9.0,10.0,10.0,9.0,8.0,10.0,10.0,SVK
Slovakia,2009,3.0,8.0,10.0,10.0,9.25,9.75,9.0,9.0,9.0,10.0,9.0,9.0,10.0,10.0,SVK
Slovakia,2011,3.0,9.0,9.0,9.0,8.5,9.5,9.0,8.0,8.0,10.0,8.0,8.0,9.0,10.0,SVK
Slovakia,2013,3.0,9.0,9.0,9.0,8.5,9.75,8.0,8.0,9.0,10.0,8.0,9.0,9.0,10.0,SVK
Slovakia,2015,3.0,9.0,9.0,8.0,8.25,9.75,8.0,8.0,9.0,10.0,8.0,9.0,9.0,10.0,SVK
Slovakia,2017,3.0,9.0,9.0,8.0,8.0,9.75,8.0,8.0,9.0,10.0,8.0,9.0,9.0,10.0,SVK
Slovakia,2019,3.0,9.0,10.0,8.0,8.0,9.5,8.0,8.0,8.0,10.0,8.0,9.0,9.0,10.0,SVK
Vietnam,2005,5.0,5.0,7.0,1.0,2.25,1.5,1.0,1.0,2.0,1.0,5.0,2.0,3.0,2.0,VNM
Vietnam,2007,5.0,5.0,8.0,1.0,2.0,1.75,1.0,2.0,2.0,1.0,5.0,2.0,3.0,2.0,VNM
Vietnam,2009,4.0,5.0,8.0,1.0,2.25,1.75,1.0,2.0,2.0,1.0,5.0,4.0,3.0,2.0,VNM
Vietnam,2011,4.0,5.0,9.0,2.0,2.5,2.25,1.0,2.0,2.0,2.0,6.0,4.0,3.0,3.0,VNM
Vietnam,2013,3.0,5.0,9.0,2.0,2.5,2.25,1.0,2.0,2.0,2.0,7.0,3.0,3.0,3.0,VNM
Vietnam,2015,4.0,5.0,9.0,2.0,2.5,2.25,1.0,2.0,2.0,2.0,6.0,3.0,3.0,3.0,VNM
Vietnam,2017,3.0,5.0,9.0,2.0,2.75,1.75,1.0,2.0,1.0,2.0,5.0,2.0,4.0,2.0,VNM
Vietnam,2019,3.0,5.0,9.0,2.0,3.0,2.25,1.0,2.0,2.0,2.0,6.0,3.0,4.0,3.0,VNM
Slovenia,2005,1.0,10.0,10.0,10.0,9.5,10.0,9.0,10.0,10.0,10.0,10.0,9.0,9.0,10.0,SVN
Slovenia,2007,1.0,10.0,10.0,10.0,9.75,9.75,10.0,10.0,9.0,10.0,9.0,7.0,10.0,10.0,SVN
Slovenia,2009,1.0,10.0,10.0,10.0,9.75,9.75,10.0,10.0,9.0,10.0,9.0,7.0,10.0,10.0,SVN
Slovenia,2011,1.0,10.0,10.0,10.0,9.5,9.75,10.0,9.0,9.0,10.0,9.0,8.0,10.0,10.0,SVN
Slovenia,2013,2.0,10.0,10.0,10.0,9.0,9.75,9.0,9.0,9.0,10.0,9.0,8.0,9.0,10.0,SVN
Slovenia,2015,2.0,10.0,10.0,10.0,9.25,9.5,9.0,9.0,8.0,10.0,9.0,8.0,9.0,10.0,SVN
Slovenia,2017,2.0,10.0,10.0,10.0,9.25,9.5,10.0,9.0,8.0,10.0,9.0,8.0,9.0,10.0,SVN
Slovenia,2019,2.0,10.0,10.0,10.0,9.0,9.5,10.0,9.0,8.0,10.0,9.0,8.0,9.0,10.0,SVN
Somalia,2005,7.0,1.0,4.0,1.0,1.0,2.0,1.0,1.0,3.0,1.0,1.0,2.0,1.0,3.0,SOM
Somalia,2007,10.0,1.0,3.0,1.0,1.0,1.75,1.0,1.0,3.0,1.0,1.0,1.0,1.0,2.0,SOM
Somalia,2009,10.0,1.0,3.0,1.0,1.0,1.25,1.0,1.0,1.0,1.0,1.0,1.0,1.0,2.0,SOM
Somalia,2011,10.0,1.0,3.0,1.0,1.0,1.25,1.0,1.0,1.0,1.0,1.0,1.0,1.0,2.0,SOM
Somalia,2013,10.0,1.0,4.0,1.0,1.0,1.5,1.0,1.0,2.0,1.0,1.0,2.0,1.0,2.0,SOM
Somalia,2015,9.0,1.0,3.0,1.0,1.0,1.5,1.0,1.0,2.0,1.0,1.0,2.0,1.0,2.0,SOM
Somalia,2017,9.0,1.0,3.0,1.0,1.0,1.5,1.0,1.0,2.0,1.0,1.0,2.0,1.0,2.0,SOM
Somalia,2019,10.0,1.0,3.0,1.0,1.0,1.75,1.0,1.0,2.0,1.0,1.0,2.0,1.0,2.0,SOM
South Africa,2005,5.0,5.0,10.0,9.0,8.0,9.75,9.0,9.0,10.0,10.0,6.0,7.0,7.0,9.0,ZAF
South Africa,2007,5.0,5.0,9.0,9.0,8.0,10.0,8.0,8.0,10.0,10.0,7.0,7.0,8.0,10.0,ZAF
South Africa,2009,6.0,5.0,8.0,7.0,6.75,8.5,7.0,7.0,8.0,9.0,6.0,5.0,7.0,9.0,ZAF
South Africa,2011,5.0,5.0,9.0,7.0,7.0,8.25,8.0,8.0,8.0,8.0,6.0,6.0,7.0,9.0,ZAF
South Africa,2013,5.0,5.0,8.0,7.0,7.25,8.0,7.0,9.0,8.0,8.0,7.0,6.0,7.0,8.0,ZAF
South Africa,2015,5.0,5.0,8.0,7.0,7.25,7.75,8.0,9.0,8.0,8.0,6.0,6.0,7.0,7.0,ZAF
South Africa,2017,4.0,4.0,8.0,7.0,7.5,7.5,8.0,9.0,7.0,8.0,6.0,6.0,8.0,7.0,ZAF
South Africa,2019,4.0,4.0,8.0,7.0,7.25,7.75,7.0,9.0,8.0,8.0,6.0,6.0,7.0,8.0,ZAF
Zimbabwe,2005,4.0,4.0,7.0,3.0,3.25,3.25,2.0,4.0,4.0,3.0,2.0,1.0,3.0,3.0,ZWE
Zimbabwe,2007,6.0,3.0,8.0,3.0,2.75,2.75,2.0,3.0,3.0,3.0,4.0,2.0,2.0,3.0,ZWE
Zimbabwe,2009,6.0,2.0,9.0,3.0,2.75,3.0,2.0,3.0,3.0,3.0,3.0,1.0,2.0,4.0,ZWE
Zimbabwe,2011,7.0,3.0,9.0,4.0,3.0,3.25,3.0,3.0,4.0,3.0,3.0,2.0,2.0,4.0,ZWE
Zimbabwe,2013,7.0,3.0,7.0,4.0,3.5,3.5,3.0,4.0,4.0,3.0,3.0,3.0,3.0,5.0,ZWE
Zimbabwe,2015,5.0,3.0,7.0,3.0,3.25,3.5,3.0,4.0,4.0,3.0,3.0,4.0,4.0,5.0,ZWE
Zimbabwe,2017,6.0,2.0,7.0,3.0,2.75,3.25,3.0,3.0,4.0,3.0,3.0,2.0,3.0,4.0,ZWE
Zimbabwe,2019,5.0,2.0,8.0,3.0,3.25,3.5,3.0,4.0,4.0,3.0,3.0,3.0,3.0,4.0,ZWE
South Sudan,2013,7.0,1.0,9.0,3.0,3.0,3.75,3.0,3.0,4.0,4.0,3.0,4.0,4.0,4.0,SSD
South Sudan,2015,9.0,1.0,6.0,3.0,2.75,2.75,3.0,3.0,3.0,3.0,3.0,2.0,3.0,3.0,SSD
South Sudan,2017,10.0,1.0,6.0,2.0,2.25,2.0,2.0,3.0,3.0,1.0,3.0,3.0,2.0,3.0,SSD
South Sudan,2019,10.0,1.0,6.0,2.0,2.25,1.75,2.0,3.0,2.0,1.0,3.0,3.0,2.0,3.0,SSD
Sudan (2012-),2013,10.0,2.0,3.0,3.0,2.25,3.0,1.0,3.0,3.0,3.0,2.0,2.0,1.0,4.0,SDN
Sudan (2012-),2015,9.0,2.0,3.0,3.0,2.0,2.75,2.0,2.0,3.0,3.0,3.0,2.0,1.0,3.0,SDN
Sudan (2012-),2017,9.0,2.0,3.0,2.0,1.75,2.5,1.0,2.0,3.0,2.0,2.0,2.0,1.0,3.0,SDN
Sudan (2012-),2019,10.0,2.0,3.0,1.0,1.0,2.25,1.0,1.0,3.0,2.0,1.0,1.0,1.0,3.0,SDN
Sudan (-2011),2005,10.0,2.0,4.0,3.0,2.5,2.0,1.0,2.0,2.0,2.0,2.0,2.0,2.0,3.0,SDN
Sudan (-2011),2007,10.0,2.0,3.0,2.0,1.5,2.5,1.0,2.0,4.0,1.0,2.0,2.0,1.0,4.0,SDN
Sudan (-2011),2009,9.0,2.0,4.0,2.0,1.75,3.5,2.0,3.0,5.0,2.0,2.0,3.0,1.0,6.0,SDN
Sudan (-2011),2011,9.0,2.0,4.0,3.0,2.5,3.0,1.0,3.0,3.0,3.0,3.0,2.0,2.0,4.0,SDN
Eswatini (former Swaziland),2019,4.0,2.0,8.0,2.0,2.5,1.75,2.0,4.0,2.0,1.0,3.0,2.0,3.0,3.0,SWZ
Syria,2005,5.0,4.0,7.0,2.0,2.5,1.5,1.0,2.0,1.0,2.0,5.0,2.0,3.0,2.0,SYR
Syria,2007,5.0,4.0,7.0,1.0,1.5,1.75,1.0,1.0,2.0,2.0,4.0,1.0,2.0,2.0,SYR
Syria,2009,5.0,4.0,7.0,2.0,2.25,2.25,2.0,2.0,2.0,3.0,4.0,2.0,2.0,2.0,SYR
Syria,2011,5.0,3.0,7.0,2.0,2.25,2.0,2.0,2.0,2.0,2.0,4.0,2.0,2.0,2.0,SYR
Syria,2013,10.0,2.0,6.0,2.0,1.5,1.75,1.0,2.0,2.0,2.0,3.0,1.0,1.0,2.0,SYR
Syria,2015,10.0,1.0,3.0,2.0,1.5,1.75,1.0,2.0,2.0,2.0,2.0,1.0,1.0,2.0,SYR
Syria,2017,10.0,1.0,3.0,2.0,1.5,1.75,1.0,2.0,2.0,2.0,1.0,1.0,1.0,2.0,SYR
Syria,2019,10.0,1.0,3.0,2.0,1.5,1.5,1.0,2.0,2.0,2.0,1.0,1.0,1.0,1.0,SYR
Tajikistan,2005,8.0,2.0,7.0,4.0,3.5,2.75,2.0,3.0,4.0,3.0,3.0,3.0,4.0,3.0,TJK
Tajikistan,2007,6.0,2.0,7.0,3.0,3.25,3.0,2.0,3.0,4.0,3.0,3.0,4.0,4.0,3.0,TJK
Tajikistan,2009,5.0,2.0,7.0,3.0,2.75,3.0,2.0,3.0,3.0,3.0,4.0,4.0,3.0,4.0,TJK
Tajikistan,2011,5.0,3.0,7.0,2.0,2.75,2.75,2.0,3.0,3.0,3.0,4.0,4.0,4.0,3.0,TJK
Tajikistan,2013,5.0,3.0,7.0,3.0,3.0,2.75,2.0,3.0,3.0,3.0,4.0,4.0,4.0,3.0,TJK
Tajikistan,2015,5.0,4.0,7.0,3.0,2.75,2.5,2.0,3.0,3.0,2.0,4.0,4.0,3.0,3.0,TJK
Tajikistan,2017,5.0,3.0,7.0,2.0,2.0,1.75,1.0,2.0,2.0,1.0,5.0,2.0,2.0,2.0,TJK
Tajikistan,2019,5.0,3.0,7.0,2.0,2.0,1.75,1.0,2.0,2.0,1.0,5.0,2.0,2.0,2.0,TJK
Thailand,2005,6.0,7.0,7.0,6.0,6.5,7.25,8.0,7.0,6.0,7.0,7.0,5.0,7.0,7.0,THA
Thailand,2007,6.0,6.0,7.0,3.0,5.75,3.75,2.0,7.0,5.0,2.0,6.0,5.0,7.0,6.0,THA
Thailand,2009,8.0,6.0,7.0,5.0,5.5,5.5,4.0,5.0,5.0,6.0,6.0,5.0,6.0,7.0,THA
Thailand,2011,8.0,6.0,7.0,4.0,4.75,4.5,3.0,5.0,5.0,6.0,6.0,4.0,4.0,5.0,THA
Thailand,2013,7.0,6.0,7.0,4.0,4.5,5.0,5.0,5.0,4.0,6.0,6.0,5.0,4.0,6.0,THA
Thailand,2015,7.0,6.0,7.0,2.0,3.25,1.5,1.0,3.0,2.0,1.0,5.0,3.0,3.0,2.0,THA
Thailand,2017,7.0,6.0,7.0,2.0,3.0,1.5,1.0,3.0,2.0,1.0,4.0,3.0,3.0,2.0,THA
Thailand,2019,7.0,6.0,7.0,2.0,3.25,1.5,1.0,3.0,2.0,1.0,4.0,3.0,4.0,2.0,THA
Togo,2005,4.0,2.0,9.0,3.0,2.5,3.5,2.0,3.0,4.0,3.0,2.0,2.0,2.0,4.0,TGO
Togo,2007,5.0,2.0,9.0,3.0,2.75,3.5,2.0,3.0,4.0,3.0,2.0,4.0,3.0,5.0,TGO
Togo,2009,4.0,2.0,9.0,4.0,4.0,4.75,2.0,4.0,6.0,5.0,2.0,5.0,5.0,6.0,TGO
Togo,2011,3.0,2.0,9.0,4.0,4.25,4.75,3.0,4.0,6.0,5.0,3.0,5.0,5.0,6.0,TGO
Togo,2013,5.0,2.0,8.0,4.0,4.25,4.25,3.0,4.0,5.0,4.0,4.0,5.0,5.0,6.0,TGO
Togo,2015,5.0,2.0,8.0,3.0,4.0,4.25,3.0,4.0,5.0,4.0,4.0,5.0,5.0,6.0,TGO
Togo,2017,4.0,2.0,8.0,4.0,4.25,4.75,3.0,4.0,5.0,5.0,4.0,5.0,5.0,6.0,TGO
Togo,2019,5.0,2.0,8.0,4.0,4.0,4.25,3.0,4.0,5.0,5.0,4.0,5.0,5.0,4.0,TGO
Trinidad and Tobago,2019,2.0,6.0,9.0,8.0,7.25,9.25,9.0,8.0,9.0,10.0,6.0,7.0,8.0,9.0,TTO
United Arab Emirates,2005,4.0,7.0,6.0,1.0,3.75,2.0,1.0,4.0,4.0,1.0,3.0,3.0,6.0,2.0,ARE
United Arab Emirates,2007,3.0,7.0,6.0,2.0,4.25,2.25,1.0,4.0,4.0,1.0,5.0,3.0,6.0,3.0,ARE
United Arab Emirates,2009,3.0,7.0,8.0,2.0,4.5,3.0,2.0,4.0,5.0,3.0,8.0,4.0,6.0,3.0,ARE
United Arab Emirates,2011,3.0,7.0,7.0,1.0,4.5,2.5,2.0,4.0,4.0,2.0,8.0,4.0,6.0,3.0,ARE
United Arab Emirates,2013,2.0,8.0,7.0,2.0,4.25,2.25,2.0,3.0,3.0,2.0,7.0,2.0,5.0,3.0,ARE
United Arab Emirates,2015,1.0,8.0,7.0,2.0,4.0,1.75,2.0,3.0,2.0,2.0,7.0,4.0,4.0,2.0,ARE
United Arab Emirates,2017,1.0,8.0,7.0,2.0,4.0,2.0,3.0,3.0,3.0,2.0,8.0,4.0,4.0,2.0,ARE
United Arab Emirates,2019,1.0,8.0,7.0,2.0,4.25,1.75,2.0,3.0,2.0,2.0,7.0,3.0,5.0,2.0,ARE
Tunisia,2005,2.0,5.0,10.0,2.0,3.5,2.0,1.0,4.0,1.0,2.0,6.0,3.0,4.0,3.0,TUN
Tunisia,2007,1.0,5.0,10.0,2.0,3.5,2.0,2.0,4.0,1.0,2.0,8.0,2.0,4.0,3.0,TUN
Tunisia,2009,2.0,4.0,9.0,3.0,3.75,2.5,2.0,4.0,2.0,3.0,7.0,2.0,4.0,3.0,TUN
Tunisia,2011,3.0,5.0,9.0,3.0,3.5,3.0,2.0,4.0,3.0,3.0,7.0,3.0,4.0,4.0,TUN
Tunisia,2013,6.0,5.0,9.0,6.0,5.0,7.25,4.0,5.0,6.0,8.0,6.0,5.0,5.0,7.0,TUN
Tunisia,2015,6.0,5.0,9.0,7.0,5.5,7.5,5.0,6.0,6.0,9.0,6.0,7.0,5.0,7.0,TUN
Tunisia,2017,5.0,5.0,9.0,7.0,5.75,7.5,5.0,6.0,6.0,9.0,6.0,7.0,6.0,7.0,TUN
Tunisia,2019,5.0,5.0,9.0,6.0,5.5,7.5,6.0,6.0,6.0,9.0,7.0,7.0,6.0,7.0,TUN
Turkey,2005,5.0,5.0,7.0,7.0,6.25,7.0,7.0,6.0,6.0,8.0,7.0,6.0,6.0,7.0,TUR
Turkey,2007,5.0,6.0,7.0,8.0,6.75,7.0,7.0,7.0,6.0,8.0,7.0,8.0,6.0,7.0,TUR
Turkey,2009,5.0,5.0,7.0,8.0,7.25,7.75,8.0,7.0,7.0,8.0,7.0,6.0,7.0,8.0,TUR
Turkey,2011,5.0,5.0,7.0,9.0,7.5,7.75,8.0,7.0,7.0,8.0,7.0,6.0,7.0,7.0,TUR
Turkey,2013,5.0,5.0,7.0,8.0,7.25,7.75,8.0,7.0,6.0,8.0,7.0,5.0,7.0,7.0,TUR
Turkey,2015,4.0,5.0,8.0,7.0,6.25,7.25,7.0,6.0,5.0,8.0,7.0,5.0,6.0,6.0,TUR
Turkey,2017,7.0,5.0,7.0,4.0,4.25,6.0,5.0,4.0,4.0,7.0,7.0,3.0,4.0,4.0,TUR
Turkey,2019,7.0,5.0,8.0,3.0,3.5,5.75,3.0,3.0,3.0,6.0,6.0,2.0,3.0,4.0,TUR
Turkmenistan,2005,3.0,4.0,6.0,2.0,2.0,1.0,1.0,2.0,1.0,1.0,4.0,1.0,1.0,1.0,TKM
Turkmenistan,2007,4.0,4.0,7.0,2.0,2.25,1.25,1.0,3.0,1.0,2.0,4.0,1.0,1.0,1.0,TKM
Turkmenistan,2009,4.0,4.0,7.0,2.0,2.25,1.25,1.0,3.0,1.0,2.0,4.0,1.0,1.0,1.0,TKM
Turkmenistan,2011,3.0,4.0,7.0,2.0,2.25,1.5,1.0,3.0,1.0,2.0,3.0,1.0,1.0,1.0,TKM
Turkmenistan,2013,3.0,4.0,7.0,2.0,2.25,1.25,1.0,3.0,1.0,1.0,3.0,1.0,1.0,1.0,TKM
Turkmenistan,2015,3.0,4.0,7.0,2.0,2.25,1.0,1.0,2.0,1.0,1.0,4.0,1.0,2.0,1.0,TKM
Turkmenistan,2017,3.0,3.0,7.0,2.0,2.25,1.0,1.0,2.0,1.0,1.0,3.0,1.0,2.0,1.0,TKM
Turkmenistan,2019,3.0,2.0,7.0,2.0,1.75,1.0,1.0,2.0,1.0,1.0,3.0,1.0,1.0,1.0,TKM
Uganda,2005,5.0,3.0,8.0,7.0,6.25,4.75,3.0,6.0,7.0,4.0,3.0,6.0,6.0,5.0,UGA
Uganda,2007,7.0,3.0,8.0,6.0,6.5,7.0,7.0,7.0,8.0,7.0,5.0,6.0,7.0,7.0,UGA
Uganda,2009,4.0,4.0,8.0,7.0,6.5,6.5,7.0,7.0,6.0,6.0,6.0,6.0,6.0,6.0,UGA
Uganda,2011,5.0,4.0,8.0,6.0,6.0,6.0,7.0,7.0,5.0,6.0,6.0,6.0,6.0,6.0,UGA
Uganda,2013,6.0,3.0,8.0,6.0,6.25,6.0,7.0,7.0,6.0,6.0,6.0,6.0,7.0,5.0,UGA
Uganda,2015,6.0,3.0,8.0,6.0,5.75,5.5,7.0,7.0,5.0,6.0,6.0,6.0,6.0,5.0,UGA
Uganda,2017,6.0,3.0,8.0,5.0,5.5,4.5,3.0,7.0,5.0,5.0,6.0,6.0,6.0,5.0,UGA
Uganda,2019,6.0,3.0,8.0,4.0,5.25,4.25,3.0,7.0,5.0,5.0,6.0,6.0,6.0,4.0,UGA
Ukraine,2005,2.0,6.0,9.0,7.0,7.0,7.75,7.0,7.0,7.0,8.0,7.0,5.0,8.0,9.0,UKR
Ukraine,2007,4.0,5.0,9.0,7.0,6.75,7.75,7.0,7.0,8.0,8.0,6.0,5.0,8.0,8.0,UKR
Ukraine,2009,3.0,5.0,9.0,6.0,6.25,7.75,6.0,6.0,8.0,8.0,6.0,5.0,8.0,8.0,UKR
Ukraine,2011,3.0,5.0,9.0,5.0,5.0,6.0,6.0,5.0,6.0,7.0,6.0,4.0,6.0,5.0,UKR
Ukraine,2013,3.0,6.0,9.0,5.0,5.0,6.0,6.0,5.0,6.0,6.0,6.0,4.0,6.0,6.0,UKR
Ukraine,2015,9.0,5.0,8.0,7.0,6.25,7.75,6.0,6.0,8.0,8.0,7.0,6.0,7.0,9.0,UKR
Ukraine,2017,9.0,5.0,8.0,7.0,6.25,7.5,7.0,6.0,7.0,8.0,7.0,7.0,7.0,9.0,UKR
Ukraine,2019,9.0,6.0,8.0,7.0,6.25,7.5,7.0,6.0,7.0,8.0,7.0,7.0,7.0,9.0,UKR
North Macedonia,2005,5.0,6.0,8.0,8.0,7.0,9.0,8.0,6.0,9.0,9.0,7.0,5.0,8.0,9.0,MKD
North Macedonia,2007,4.0,7.0,8.0,8.0,6.75,8.75,8.0,6.0,8.0,9.0,8.0,6.0,7.0,9.0,MKD
North Macedonia,2009,4.0,6.0,8.0,8.0,7.25,8.5,8.0,7.0,7.0,8.0,7.0,6.0,8.0,10.0,MKD
North Macedonia,2011,4.0,6.0,8.0,7.0,6.75,7.75,8.0,6.0,6.0,8.0,7.0,6.0,8.0,8.0,MKD
North Macedonia,2013,5.0,6.0,8.0,7.0,6.75,7.25,7.0,6.0,5.0,8.0,7.0,6.0,8.0,8.0,MKD
North Macedonia,2015,5.0,6.0,7.0,6.0,6.25,6.25,6.0,6.0,4.0,7.0,7.0,5.0,8.0,7.0,MKD
North Macedonia,2017,6.0,6.0,6.0,5.0,6.0,6.25,5.0,6.0,4.0,7.0,7.0,5.0,8.0,7.0,MKD
North Macedonia,2019,5.0,6.0,8.0,6.0,6.5,7.5,6.0,7.0,6.0,7.0,7.0,7.0,8.0,9.0,MKD
Egypt,2005,4.0,3.0,8.0,3.0,3.75,3.25,2.0,4.0,4.0,3.0,4.0,4.0,4.0,4.0,EGY
Egypt,2007,4.0,4.0,9.0,4.0,4.25,4.0,2.0,5.0,5.0,4.0,4.0,4.0,4.0,5.0,EGY
Egypt,2009,4.0,3.0,8.0,4.0,4.25,3.5,2.0,5.0,4.0,3.0,4.0,4.0,4.0,5.0,EGY
Egypt,2011,5.0,3.0,8.0,3.0,3.5,3.25,2.0,4.0,4.0,3.0,4.0,4.0,3.0,4.0,EGY
Egypt,2013,7.0,3.0,7.0,6.0,4.75,5.5,3.0,6.0,6.0,7.0,3.0,4.0,3.0,6.0,EGY
Egypt,2015,7.0,3.0,7.0,3.0,3.5,3.25,2.0,4.0,4.0,4.0,4.0,4.0,3.0,3.0,EGY
Egypt,2017,7.0,3.0,7.0,3.0,3.5,2.75,2.0,4.0,3.0,3.0,4.0,3.0,3.0,3.0,EGY
Egypt,2019,7.0,3.0,7.0,3.0,3.0,2.25,2.0,4.0,2.0,2.0,4.0,3.0,2.0,3.0,EGY
Tanzania,2005,3.0,4.0,8.0,8.0,5.75,7.0,6.0,6.0,6.0,7.0,2.0,4.0,6.0,7.0,TZA
Tanzania,2007,5.0,3.0,9.0,6.0,6.25,7.25,7.0,7.0,7.0,7.0,4.0,5.0,7.0,6.0,TZA
Tanzania,2009,5.0,3.0,8.0,7.0,6.0,6.25,6.0,6.0,6.0,6.0,4.0,5.0,6.0,6.0,TZA
Tanzania,2011,5.0,3.0,8.0,7.0,6.0,6.75,6.0,6.0,6.0,7.0,4.0,5.0,6.0,6.0,TZA
Tanzania,2013,5.0,3.0,8.0,6.0,5.5,6.75,6.0,6.0,6.0,7.0,4.0,5.0,6.0,6.0,TZA
Tanzania,2015,5.0,3.0,7.0,6.0,5.5,6.75,6.0,6.0,6.0,7.0,4.0,5.0,6.0,6.0,TZA
Tanzania,2017,5.0,3.0,7.0,6.0,5.5,6.5,6.0,6.0,6.0,6.0,4.0,5.0,6.0,6.0,TZA
Tanzania,2019,4.0,3.0,8.0,4.0,5.0,6.0,6.0,7.0,5.0,6.0,4.0,3.0,4.0,5.0,TZA
Burkina Faso,2005,2.0,1.0,10.0,5.0,4.0,5.5,3.0,4.0,6.0,7.0,4.0,4.0,3.0,6.0,BFA
Burkina Faso,2007,2.0,1.0,9.0,5.0,4.5,6.5,5.0,4.0,6.0,7.0,3.0,5.0,5.0,6.0,BFA
Burkina Faso,2009,2.0,1.0,9.0,3.0,4.0,5.5,3.0,4.0,7.0,6.0,3.0,5.0,6.0,6.0,BFA
Burkina Faso,2011,2.0,1.0,9.0,3.0,4.0,5.5,3.0,4.0,7.0,6.0,3.0,4.0,6.0,6.0,BFA
Burkina Faso,2013,4.0,1.0,10.0,3.0,4.25,5.5,3.0,4.0,7.0,6.0,3.0,5.0,6.0,6.0,BFA
Burkina Faso,2015,6.0,1.0,10.0,3.0,4.0,4.0,2.0,4.0,7.0,2.0,3.0,6.0,5.0,6.0,BFA
Burkina Faso,2017,6.0,1.0,10.0,4.0,4.75,7.0,6.0,5.0,7.0,7.0,3.0,6.0,6.0,7.0,BFA
Burkina Faso,2019,7.0,1.0,10.0,4.0,4.25,6.75,6.0,4.0,7.0,7.0,3.0,6.0,5.0,6.0,BFA
Uruguay,2005,1.0,8.0,10.0,10.0,10.0,10.0,10.0,10.0,10.0,10.0,9.0,9.0,10.0,10.0,URY
Uruguay,2007,1.0,8.0,10.0,10.0,10.0,10.0,10.0,10.0,10.0,10.0,9.0,9.0,10.0,10.0,URY
Uruguay,2009,1.0,9.0,10.0,10.0,10.0,10.0,10.0,10.0,10.0,10.0,9.0,10.0,10.0,10.0,URY
Uruguay,2011,1.0,8.0,10.0,10.0,10.0,10.0,10.0,10.0,10.0,10.0,9.0,10.0,10.0,10.0,URY
Uruguay,2013,1.0,8.0,10.0,10.0,10.0,10.0,10.0,10.0,10.0,10.0,9.0,10.0,10.0,10.0,URY
Uruguay,2015,1.0,8.0,10.0,10.0,10.0,10.0,10.0,10.0,10.0,10.0,9.0,10.0,10.0,10.0,URY
Uruguay,2017,1.0,7.0,10.0,10.0,10.0,10.0,10.0,10.0,10.0,10.0,9.0,10.0,10.0,10.0,URY
Uruguay,2019,1.0,7.0,10.0,10.0,10.0,10.0,10.0,10.0,10.0,10.0,9.0,10.0,10.0,10.0,URY
Uzbekistan,2005,6.0,4.0,7.0,2.0,2.5,1.75,2.0,3.0,2.0,2.0,4.0,2.0,2.0,2.0,UZB
Uzbekistan,2007,5.0,3.0,7.0,2.0,2.25,2.25,2.0,3.0,2.0,2.0,4.0,2.0,2.0,3.0,UZB
Uzbekistan,2009,5.0,3.0,7.0,2.0,2.25,2.0,1.0,3.0,2.0,2.0,4.0,2.0,2.0,2.0,UZB
Uzbekistan,2011,5.0,2.0,7.0,2.0,2.25,2.0,1.0,3.0,2.0,2.0,4.0,1.0,2.0,2.0,UZB
Uzbekistan,2013,5.0,3.0,7.0,2.0,2.25,1.75,1.0,3.0,2.0,1.0,4.0,1.0,2.0,2.0,UZB
Uzbekistan,2015,5.0,4.0,7.0,2.0,2.25,2.0,1.0,2.0,2.0,2.0,5.0,1.0,2.0,2.0,UZB
Uzbekistan,2017,4.0,4.0,8.0,2.0,2.25,2.25,1.0,2.0,2.0,2.0,5.0,2.0,2.0,3.0,UZB
Uzbekistan,2019,3.0,4.0,8.0,3.0,3.25,2.5,2.0,3.0,3.0,2.0,5.0,3.0,3.0,3.0,UZB
Venezuela,2005,3.0,5.0,10.0,3.0,4.0,5.75,3.0,4.0,5.0,8.0,7.0,4.0,6.0,7.0,VEN
Venezuela,2007,4.0,5.0,9.0,3.0,3.75,5.0,3.0,3.0,5.0,6.0,7.0,3.0,6.0,6.0,VEN
Venezuela,2009,5.0,6.0,9.0,2.0,3.25,4.5,2.0,3.0,4.0,6.0,7.0,4.0,6.0,6.0,VEN
Venezuela,2011,5.0,6.0,9.0,2.0,2.75,4.5,3.0,2.0,4.0,6.0,7.0,3.0,5.0,6.0,VEN
Venezuela,2013,5.0,6.0,9.0,3.0,3.25,4.25,3.0,2.0,4.0,6.0,7.0,3.0,5.0,5.0,VEN
Venezuela,2015,6.0,6.0,9.0,3.0,2.75,4.0,3.0,2.0,4.0,6.0,7.0,3.0,4.0,4.0,VEN
Venezuela,2017,6.0,4.0,9.0,2.0,2.5,3.75,3.0,2.0,4.0,4.0,6.0,3.0,4.0,4.0,VEN
Venezuela,2019,8.0,3.0,9.0,2.0,1.75,2.5,2.0,2.0,3.0,2.0,5.0,1.0,2.0,3.0,VEN
Yemen,2005,6.0,1.0,8.0,3.0,3.75,4.5,2.0,4.0,5.0,5.0,2.0,4.0,5.0,6.0,YEM
Yemen,2007,5.0,1.0,8.0,4.0,4.0,3.75,2.0,4.0,4.0,5.0,3.0,4.0,4.0,5.0,YEM
Yemen,2009,6.0,2.0,8.0,4.0,4.0,4.25,2.0,4.0,4.0,5.0,3.0,4.0,4.0,6.0,YEM
Yemen,2011,7.0,2.0,6.0,4.0,4.0,3.75,2.0,4.0,3.0,5.0,3.0,3.0,4.0,5.0,YEM
Yemen,2013,9.0,1.0,4.0,3.0,3.25,4.25,2.0,4.0,4.0,4.0,3.0,5.0,3.0,7.0,YEM
Yemen,2015,9.0,1.0,3.0,3.0,3.0,3.0,2.0,4.0,3.0,4.0,2.0,5.0,2.0,4.0,YEM
Yemen,2017,10.0,1.0,2.0,2.0,2.0,2.0,1.0,3.0,3.0,1.0,2.0,2.0,1.0,3.0,YEM
Yemen,2019,10.0,1.0,2.0,1.0,1.25,1.25,1.0,2.0,1.0,1.0,2.0,2.0,1.0,2.0,YEM
Zambia,2005,1.0,3.0,9.0,7.0,6.5,6.25,6.0,5.0,6.0,6.0,4.0,4.0,8.0,9.0,ZMB
Zambia,2007,3.0,2.0,9.0,6.0,6.0,7.0,6.0,7.0,7.0,7.0,4.0,6.0,6.0,6.0,ZMB
Zambia,2009,3.0,3.0,9.0,7.0,6.25,7.0,6.0,6.0,7.0,7.0,5.0,6.0,7.0,7.0,ZMB
Zambia,2011,3.0,3.0,9.0,7.0,6.0,7.25,6.0,7.0,7.0,7.0,5.0,6.0,6.0,7.0,ZMB
Zambia,2013,4.0,3.0,8.0,6.0,5.5,7.0,6.0,7.0,7.0,7.0,5.0,6.0,5.0,6.0,ZMB
Zambia,2015,4.0,3.0,8.0,6.0,5.25,6.75,6.0,6.0,6.0,8.0,5.0,6.0,5.0,5.0,ZMB
Zambia,2017,4.0,3.0,8.0,6.0,5.0,6.0,6.0,5.0,5.0,6.0,5.0,5.0,5.0,5.0,ZMB
Zambia,2019,4.0,3.0,8.0,4.0,4.25,5.5,6.0,4.0,4.0,6.0,5.0,3.0,5.0,4.0,ZMB
